"Date"	"MaxTemperature	"MinTemperature	"Month"	"WeekDay"	"is_WeekDay"	"Holiday"	"Index"
2012-12-28 00:00:00	11.310749999999999	7.79615	12	4	1	Day
2012-12-29 00:00:00	12.785900000000002	6.2661500000000006	12	5	0	Day
2012-12-30 00:00:00	10.73655	6.2875000000000005	12	6	0	Day
2012-12-31 00:00:00	11.010599999999998	6.0206	12	0	1	Day
2013-01-01 00:00:00	8.948899999999998	4.6892249999999995	1	1	1	Holiday
2013-01-02 00:00:00	8.482950000000002	3.6900000000000004	1	2	1	Day
2013-01-03 00:00:00	9.571700000000002	5.1821	1	3	1	Day
2013-01-04 00:00:00	9.950099999999999	7.028549999999999	1	4	1	Day
2013-01-05 00:00:00	8.820950000000002	6.7459750000000005	1	5	0	Day
2013-01-06 00:00:00	7.944500000000001	5.8202	1	6	0	Day
2013-01-07 00:00:00	7.46705	4.671125000000002	1	0	1	Day
2013-01-08 00:00:00	6.012800000000001	3.4588	1	1	1	Day
2013-01-09 00:00:00	5.676500000000001	2.8954000000000004	1	2	1	Day
2013-01-10 00:00:00	8.602	4.43815	1	3	1	Day
2013-01-11 00:00:00	8.172800000000002	3.577175	1	4	1	Day
2013-01-12 00:00:00	6.7799499999999995	2.70765	1	5	0	Day
2013-01-13 00:00:00	4.924950000000001	2.1567	1	6	0	Day
2013-01-14 00:00:00	3.1245	0.5292500000000001	1	0	1	Day
2013-01-15 00:00:00	3.8716000000000004	1.1007750000000003	1	1	1	Day
2013-01-16 00:00:00	2.2049499999999997	-2.05925	1	2	1	Day
2013-01-17 00:00:00	0.48955000000000004	-3.5180000000000007	1	3	1	Day
2013-01-18 00:00:00	0.44755	-3.32835	1	4	1	Day
2013-01-19 00:00:00	2.52	-0.022200000000000067	1	5	0	Day
2013-01-20 00:00:00	2.1241000000000003	0.005350000000000216	1	6	0	Day
2013-01-21 00:00:00	4.3995999999999995	0.9969	1	0	1	Day
2013-01-22 00:00:00	5.468400000000002	1.61795	1	1	1	Day
2013-01-23 00:00:00	4.4502999999999995	1.46025	1	2	1	Day
2013-01-24 00:00:00	3.7266500000000002	0.14604999999999996	1	3	1	Day
2013-01-25 00:00:00	1.9073	-1.9471999999999998	1	4	1	Day
2013-01-26 00:00:00	5.927850000000001	-0.83415	1	5	0	Day
2013-01-27 00:00:00	8.1722	3.25325	1	6	0	Day
2013-01-28 00:00:00	9.652550000000002	3.8937	1	0	1	Day
2013-01-29 00:00:00	11.381049999999998	7.251150000000003	1	1	1	Day
2013-01-30 00:00:00	14.0227	8.624900000000002	1	2	1	Day
2013-01-31 00:00:00	12.258299999999998	6.283799999999999	1	3	1	Day
2013-02-01 00:00:00	11.386850000000003	7.464100000000001	2	4	1	Day
2013-02-02 00:00:00	7.3736999999999995	2.73285	2	5	0	Day
2013-02-03 00:00:00	6.07255	1.3507000000000002	2	6	0	Day
2013-02-04 00:00:00	10.500549999999999	5.27745	2	0	1	Day
2013-02-05 00:00:00	7.6033	3.6237500000000002	2	1	1	Day
2013-02-06 00:00:00	6.643949999999999	3.1793250000000004	2	2	1	Day
2013-02-07 00:00:00	5.40905	1.8154000000000001	2	3	1	Day
2013-02-08 00:00:00	4.8069	1.1182	2	4	1	Day
2013-02-09 00:00:00	4.33405	0.2805500000000001	2	5	0	Day
2013-02-10 00:00:00	4.452600000000001	0.8016500000000002	2	6	0	Day
2013-02-11 00:00:00	5.897850000000001	2.1963500000000002	2	0	1	Day
2013-02-12 00:00:00	4.431749999999999	1.3159000000000005	2	1	1	Day
2013-02-13 00:00:00	4.1208	0.65225	2	2	1	Day
2013-02-14 00:00:00	7.39175	0.5494500000000002	2	3	1	Day
2013-02-15 00:00:00	9.180200000000001	3.5739000000000005	2	4	1	Day
2013-02-16 00:00:00	8.6903	1.00215	2	5	0	Day
2013-02-17 00:00:00	7.72895	0.6121	2	6	0	Day
2013-02-18 00:00:00	8.526500000000002	0.96405	2	0	1	Day
2013-02-19 00:00:00	9.97035	-0.78125	2	1	1	Day
2013-02-20 00:00:00	8.81905	0.34605	2	2	1	Day
2013-02-21 00:00:00	4.31125	-0.7537999999999998	2	3	1	Day
2013-02-22 00:00:00	1.77435	-2.4408000000000003	2	4	1	Day
2013-02-23 00:00:00	-0.16009999999999996	-3.32305	2	5	0	Day
2013-02-24 00:00:00	1.2851	-1.8634999999999997	2	6	0	Day
2013-02-25 00:00:00	2.9693000000000005	-0.5983499999999999	2	0	1	Day
2013-02-26 00:00:00	4.6706	-0.40480000000000005	2	1	1	Day
2013-02-27 00:00:00	5.281550000000001	0.7258500000000003	2	2	1	Day
2013-02-28 00:00:00	6.1064500000000015	0.6225500000000002	2	3	1	Day
2013-03-01 00:00:00	5.45255	2.0525	3	4	1	Day
2013-03-02 00:00:00	5.478500000000001	1.700275	3	5	0	Day
2013-03-03 00:00:00	9.355099999999998	0.37270000000000003	3	6	0	Day
2013-03-04 00:00:00	14.33435	0.7494000000000001	3	0	1	Day
2013-03-05 00:00:00	14.149349999999998	6.84995	3	1	1	Day
2013-03-06 00:00:00	12.866249999999997	8.6937	3	2	1	Day
2013-03-07 00:00:00	14.9491	8.870199999999999	3	3	1	Day
2013-03-08 00:00:00	13.8742	9.4991	3	4	1	Day
2013-03-09 00:00:00	14.648700000000002	7.356550000000001	3	5	0	Day
2013-03-10 00:00:00	11.9146	5.737500000000001	3	6	0	Day
2013-03-11 00:00:00	8.51285	4.1317	3	0	1	Day
2013-03-12 00:00:00	4.1559	0.34777500000000006	3	1	1	Day
2013-03-13 00:00:00	3.8565000000000005	-1.9505000000000003	3	2	1	Day
2013-03-14 00:00:00	4.9376	-0.32309999999999994	3	3	1	Day
2013-03-15 00:00:00	7.189850000000001	-1.8256000000000001	3	4	1	Day
2013-03-16 00:00:00	9.43665	0.7164500000000003	3	5	0	Day
2013-03-17 00:00:00	8.4364	4.514525000000001	3	6	0	Day
2013-03-18 00:00:00	7.879650000000001	2.95355	3	0	1	Day
2013-03-19 00:00:00	9.829400000000001	3.5535	3	1	1	Day
2013-03-20 00:00:00	10.06705	4.7982000000000005	3	2	1	Day
2013-03-21 00:00:00	11.57785	3.4683	3	3	1	Day
2013-03-22 00:00:00	14.812850000000001	5.0512999999999995	3	4	1	Day
2013-03-23 00:00:00	12.119000000000002	6.88205	3	5	0	Day
2013-03-24 00:00:00	9.4263	5.65525	3	6	0	Day
2013-03-25 00:00:00	9.19655	4.37565	3	0	1	Day
2013-03-26 00:00:00	7.999650000000001	3.2459000000000002	3	1	1	Day
2013-03-27 00:00:00	8.7618	1.9103500000000002	3	2	1	Day
2013-03-28 00:00:00	7.6189	3.4051	3	3	1	Day
2013-03-29 00:00:00	8.46805	2.3271	3	4	1	Day
2013-03-30 00:00:00	7.87575	4.2543500000000005	3	5	0	Day
2013-03-31 00:00:00	8.26825	1.6627000000000003	3	6	0	Day
2013-04-01 00:00:00	9.829	1.0368500000000003	4	0	1	Holiday
2013-04-02 00:00:00	10.990600000000002	2.82395	4	1	1	Day
2013-04-03 00:00:00	10.59635	1.92595	4	2	1	Day
2013-04-04 00:00:00	8.966199999999999	3.0141500000000008	4	3	1	Day
2013-04-05 00:00:00	8.003300000000001	4.02275	4	4	1	Day
2013-04-06 00:00:00	7.81965	3.5767	4	5	0	Day
2013-04-07 00:00:00	10.678499999999998	2.7380999999999998	4	6	0	Day
2013-04-08 00:00:00	10.801200000000001	4.7523	4	0	1	Day
2013-04-09 00:00:00	11.914599999999998	5.93945	4	1	1	Day
2013-04-10 00:00:00	13.664299999999999	7.818099999999999	4	2	1	Day
2013-04-11 00:00:00	14.23095	10.40085	4	3	1	Day
2013-04-12 00:00:00	14.37265	8.88575	4	4	1	Day
2013-04-13 00:00:00	16.219649999999998	7.4453	4	5	0	Day
2013-04-14 00:00:00	23.100850000000005	10.5953	4	6	0	Day
2013-04-15 00:00:00	19.6109	11.441650000000001	4	0	1	Day
2013-04-16 00:00:00	19.262350000000005	10.90115	4	1	1	Day
2013-04-17 00:00:00	23.890399999999996	10.898900000000001	4	2	1	Day
2013-04-18 00:00:00	17.34665	10.908575	4	3	1	Day
2013-04-19 00:00:00	12.25665	7.9014750000000005	4	4	1	Day
2013-04-20 00:00:00	12.079350000000002	5.5359	4	5	0	Day
2013-04-21 00:00:00	14.161850000000001	4.70015	4	6	0	Day
2013-04-22 00:00:00	14.504850000000003	6.09405	4	0	1	Day
2013-04-23 00:00:00	17.2307	7.061300000000001	4	1	1	Day
2013-04-24 00:00:00	21.729299999999995	7.57145	4	2	1	Day
2013-04-25 00:00:00	23.7384	10.04775	4	3	1	Day
2013-04-26 00:00:00	14.7756	8.765199999999998	4	4	1	Day
2013-04-27 00:00:00	9.650850000000002	5.885625000000001	4	5	0	Day
2013-04-28 00:00:00	10.762649999999999	4.5493	4	6	0	Day
2013-04-29 00:00:00	13.20555	5.2026	4	0	1	Day
2013-04-30 00:00:00	13.82465	8.26445	4	1	1	Day
2013-05-01 00:00:00	14.73565	9.515649999999999	5	2	1	Holiday
2013-05-02 00:00:00	16.349500000000003	8.7978	5	3	1	Day
2013-05-03 00:00:00	16.24625	9.334200000000001	5	4	1	Day
2013-05-04 00:00:00	17.465500000000002	8.0829	5	5	0	Day
2013-05-05 00:00:00	18.7089	9.372200000000001	5	6	0	Day
2013-05-06 00:00:00	20.03405	9.19495	5	0	1	Day
2013-05-07 00:00:00	20.5373	11.15065	5	1	1	Day
2013-05-08 00:00:00	19.221	12.106750000000002	5	2	1	Holiday
2013-05-09 00:00:00	16.94065	11.520600000000002	5	3	1	Holiday
2013-05-10 00:00:00	15.259549999999999	9.94775	5	4	1	Day
2013-05-11 00:00:00	16.21115	9.83845	5	5	0	Day
2013-05-12 00:00:00	15.08935	8.86695	5	6	0	Day
2013-05-13 00:00:00	16.44885	10.02275	5	0	1	Day
2013-05-14 00:00:00	16.396650000000005	9.828800000000001	5	1	1	Day
2013-05-15 00:00:00	14.18725	9.530300000000002	5	2	1	Day
2013-05-16 00:00:00	13.1344	8.01955	5	3	1	Day
2013-05-17 00:00:00	15.354899999999999	6.782900000000001	5	4	1	Day
2013-05-18 00:00:00	14.256400000000001	8.107600000000001	5	5	0	Day
2013-05-19 00:00:00	13.8446	9.1098	5	6	0	Day
2013-05-20 00:00:00	13.1878	9.0623	5	0	1	Holiday
2013-05-21 00:00:00	13.745700000000003	9.947899999999999	5	1	1	Day
2013-05-22 00:00:00	15.040049999999999	9.807799999999999	5	2	1	Day
2013-05-23 00:00:00	13.109900000000001	7.00465	5	3	1	Day
2013-05-24 00:00:00	10.217600000000001	5.424400000000001	5	4	1	Day
2013-05-25 00:00:00	13.0085	6.498550000000001	5	5	0	Day
2013-05-26 00:00:00	15.458799999999998	5.363049999999999	5	6	0	Day
2013-05-27 00:00:00	18.168049999999997	5.872000000000001	5	0	1	Day
2013-05-28 00:00:00	13.424250000000002	8.743850000000002	5	1	1	Day
2013-05-29 00:00:00	13.645699999999998	6.989450000000001	5	2	1	Day
2013-05-30 00:00:00	14.194500000000001	9.029800000000002	5	3	1	Day
2013-05-31 00:00:00	15.67955	10.33195	5	4	1	Day
2013-06-01 00:00:00	18.276200000000003	11.297600000000001	6	5	0	Day
2013-06-02 00:00:00	18.06945	10.456450000000002	6	6	0	Day
2013-06-03 00:00:00	18.1463	9.323400000000001	6	0	1	Day
2013-06-04 00:00:00	19.339250000000003	8.77415	6	1	1	Day
2013-06-05 00:00:00	23.147750000000002	10.1371	6	2	1	Day
2013-06-06 00:00:00	25.306250000000002	12.967600000000001	6	3	1	Day
2013-06-07 00:00:00	25.7455	13.7726	6	4	1	Day
2013-06-08 00:00:00	21.381600000000002	14.4397	6	5	0	Day
2013-06-09 00:00:00	16.857	12.925550000000001	6	6	0	Day
2013-06-10 00:00:00	18.814700000000002	12.194200000000002	6	0	1	Day
2013-06-11 00:00:00	20.555600000000002	13.03005	6	1	1	Day
2013-06-12 00:00:00	22.71115	15.210050000000004	6	2	1	Day
2013-06-13 00:00:00	18.98195	13.355599999999999	6	3	1	Day
2013-06-14 00:00:00	20.804599999999997	11.489350000000002	6	4	1	Day
2013-06-15 00:00:00	21.2566	13.518049999999999	6	5	0	Day
2013-06-16 00:00:00	24.659650000000003	12.614350000000002	6	6	0	Day
2013-06-17 00:00:00	25.81785	16.452700000000004	6	0	1	Day
2013-06-18 00:00:00	25.239350000000005	17.1832	6	1	1	Day
2013-06-19 00:00:00	23.93915	17.6953	6	2	1	Day
2013-06-20 00:00:00	20.554000000000002	15.2787	6	3	1	Day
2013-06-21 00:00:00	19.660500000000003	13.92955	6	4	1	Day
2013-06-22 00:00:00	19.994950000000003	14.521550000000001	6	5	0	Day
2013-06-23 00:00:00	18.37825	13.522175	6	6	0	Day
2013-06-24 00:00:00	17.493650000000002	11.96675	6	0	1	Day
2013-06-25 00:00:00	19.101300000000002	10.215699999999998	6	1	1	Day
2013-06-26 00:00:00	20.4339	10.02765	6	2	1	Day
2013-06-27 00:00:00	20.04115	11.633849999999999	6	3	1	Day
2013-06-28 00:00:00	18.48475	12.580750000000002	6	4	1	Day
2013-06-29 00:00:00	19.899700000000003	14.17025	6	5	0	Day
2013-06-30 00:00:00	23.3512	12.743599999999999	6	6	0	Day
2013-07-01 00:00:00	23.77865	13.140699999999999	7	0	1	Day
2013-07-02 00:00:00	24.400100000000002	13.690449999999998	7	1	1	Day
2013-07-03 00:00:00	19.939400000000003	16.040450000000003	7	2	1	Day
2013-07-04 00:00:00	21.701200000000004	14.859950000000001	7	3	1	Day
2013-07-05 00:00:00	25.16445	15.913599999999999	7	4	1	Day
2013-07-06 00:00:00	27.516750000000002	15.09795	7	5	0	Day
2013-07-07 00:00:00	28.5094	16.9942	7	6	0	Day
2013-07-08 00:00:00	28.39895	17.51005	7	0	1	Day
2013-07-09 00:00:00	28.1427	17.652900000000002	7	1	1	Day
2013-07-10 00:00:00	27.416849999999997	17.095650000000003	7	2	1	Day
2013-07-11 00:00:00	24.5824	15.561350000000001	7	3	1	Day
2013-07-12 00:00:00	25.992900000000002	14.0651	7	4	1	Day
2013-07-13 00:00:00	26.42745	15.20955	7	5	0	Day
2013-07-14 00:00:00	28.116500000000002	15.7773	7	6	0	Holiday
2013-07-15 00:00:00	28.66175	16.871299999999998	7	0	1	Day
2013-07-16 00:00:00	28.053900000000002	17.320700000000002	7	1	1	Day
2013-07-17 00:00:00	28.08495	17.736700000000003	7	2	1	Day
2013-07-18 00:00:00	27.392249999999997	17.85095	7	3	1	Day
2013-07-19 00:00:00	28.16235	17.9323	7	4	1	Day
2013-07-20 00:00:00	29.447200000000002	18.32495	7	5	0	Day
2013-07-21 00:00:00	31.7367	18.4326	7	6	0	Day
2013-07-22 00:00:00	31.876350000000002	19.87875	7	0	1	Day
2013-07-23 00:00:00	27.991	19.404549999999997	7	1	1	Day
2013-07-24 00:00:00	27.80295	18.25475	7	2	1	Day
2013-07-25 00:00:00	29.217249999999996	18.92445	7	3	1	Day
2013-07-26 00:00:00	29.26405	19.6971	7	4	1	Day
2013-07-27 00:00:00	29.32115	19.24365	7	5	0	Day
2013-07-28 00:00:00	24.736500000000003	18.378549999999997	7	6	0	Day
2013-07-29 00:00:00	23.8296	16.7588	7	0	1	Day
2013-07-30 00:00:00	24.17275	16.5869	7	1	1	Day
2013-07-31 00:00:00	28.5911	17.458550000000002	7	2	1	Day
2013-08-01 00:00:00	32.5225	18.3928	8	3	1	Day
2013-08-02 00:00:00	30.57245	19.860400000000002	8	4	1	Day
2013-08-03 00:00:00	25.819749999999996	18.37045	8	5	0	Day
2013-08-04 00:00:00	27.22295	16.91385	8	6	0	Day
2013-08-05 00:00:00	27.890250000000005	16.702199999999998	8	0	1	Day
2013-08-06 00:00:00	24.717150000000004	17.124750000000002	8	1	1	Day
2013-08-07 00:00:00	21.561500000000002	17.023474999999998	8	2	1	Day
2013-08-08 00:00:00	23.309050000000003	15.5558	8	3	1	Day
2013-08-09 00:00:00	23.989150000000002	15.498050000000001	8	4	1	Day
2013-08-10 00:00:00	23.88865	14.778	8	5	0	Day
2013-08-11 00:00:00	24.851000000000003	14.480200000000002	8	6	0	Day
2013-08-12 00:00:00	24.91545	15.2039	8	0	1	Day
2013-08-13 00:00:00	23.2037	13.95705	8	1	1	Day
2013-08-14 00:00:00	24.26705	12.91755	8	2	1	Day
2013-08-15 00:00:00	26.571	13.3051	8	3	1	Holiday
2013-08-16 00:00:00	27.242350000000002	14.535100000000002	8	4	1	Day
2013-08-17 00:00:00	26.699450000000002	16.14085	8	5	0	Day
2013-08-18 00:00:00	25.805550000000004	17.655450000000002	8	6	0	Day
2013-08-19 00:00:00	23.3264	16.593525	8	0	1	Day
2013-08-20 00:00:00	24.9513	12.81895	8	1	1	Day
2013-08-21 00:00:00	26.788100000000004	12.851	8	2	1	Day
2013-08-22 00:00:00	27.976400000000005	14.976099999999999	8	3	1	Day
2013-08-23 00:00:00	28.313649999999992	15.48165	8	4	1	Day
2013-08-24 00:00:00	21.342250000000003	16.084375	8	5	0	Day
2013-08-25 00:00:00	18.8277	14.119849999999998	8	6	0	Day
2013-08-26 00:00:00	22.504550000000002	14.0396	8	0	1	Day
2013-08-27 00:00:00	21.9449	15.03625	8	1	1	Day
2013-08-28 00:00:00	23.461250000000003	14.06	8	2	1	Day
2013-08-29 00:00:00	23.904899999999998	13.300400000000002	8	3	1	Day
2013-08-30 00:00:00	24.928949999999997	13.031399999999998	8	4	1	Day
2013-08-31 00:00:00	23.36675	15.1368	8	5	0	Day
2013-09-01 00:00:00	22.41855	13.461750000000004	9	6	0	Day
2013-09-02 00:00:00	24.6673	11.8399	9	0	1	Day
2013-09-03 00:00:00	27.218300000000003	12.205150000000001	9	1	1	Day
2013-09-04 00:00:00	30.4445	14.3582	9	2	1	Day
2013-09-05 00:00:00	30.1059	15.498399999999998	9	3	1	Day
2013-09-06 00:00:00	23.028399999999998	16.1651	9	4	1	Day
2013-09-07 00:00:00	20.099350000000005	13.68125	9	5	0	Day
2013-09-08 00:00:00	19.729599999999998	13.02675	9	6	0	Day
2013-09-09 00:00:00	18.916749999999997	12.2552	9	0	1	Day
2013-09-10 00:00:00	18.88245	13.18525	9	1	1	Day
2013-09-11 00:00:00	17.539999999999996	11.826650000000003	9	2	1	Day
2013-09-12 00:00:00	18.0705	12.379099999999998	9	3	1	Day
2013-09-13 00:00:00	20.251900000000003	13.02025	9	4	1	Day
2013-09-14 00:00:00	18.346750000000004	14.373150000000003	9	5	0	Day
2013-09-15 00:00:00	17.886900000000004	12.147300000000001	9	6	0	Day
2013-09-16 00:00:00	16.66515	11.915225	9	0	1	Day
2013-09-17 00:00:00	16.16355	10.758700000000001	9	1	1	Day
2013-09-18 00:00:00	18.588550000000005	14.026175	9	2	1	Day
2013-09-19 00:00:00	17.806300000000004	11.73905	9	3	1	Day
2013-09-20 00:00:00	20.318350000000002	13.254950000000001	9	4	1	Day
2013-09-21 00:00:00	21.67555	10.8435	9	5	0	Day
2013-09-22 00:00:00	22.606949999999998	13.16075	9	6	0	Day
2013-09-23 00:00:00	23.698800000000002	13.384100000000002	9	0	1	Day
2013-09-24 00:00:00	24.640850000000004	11.9079	9	1	1	Day
2013-09-25 00:00:00	24.616500000000002	13.1152	9	2	1	Day
2013-09-26 00:00:00	23.577850000000005	16.17545	9	3	1	Day
2013-09-27 00:00:00	24.731749999999998	15.561300000000001	9	4	1	Day
2013-09-28 00:00:00	22.065150000000003	16.7229	9	5	0	Day
2013-09-29 00:00:00	19.7215	15.439149999999998	9	6	0	Day
2013-09-30 00:00:00	19.9052	14.289900000000001	9	0	1	Day
2013-10-01 00:00:00	20.407049999999998	14.239150000000002	10	1	1	Day
2013-10-02 00:00:00	22.3529	14.414700000000002	10	2	1	Day
2013-10-03 00:00:00	22.4537	15.994	10	3	1	Day
2013-10-04 00:00:00	20.2905	15.817250000000001	10	4	1	Day
2013-10-05 00:00:00	18.986500000000003	13.904200000000001	10	5	0	Day
2013-10-06 00:00:00	18.67875	12.599649999999999	10	6	0	Day
2013-10-07 00:00:00	19.198050000000002	11.420399999999999	10	0	1	Day
2013-10-08 00:00:00	18.37545	12.31425	10	1	1	Day
2013-10-09 00:00:00	17.615050000000004	13.082475	10	2	1	Day
2013-10-10 00:00:00	12.8774	8.469850000000001	10	3	1	Day
2013-10-11 00:00:00	11.9533	7.18505	10	4	1	Day
2013-10-12 00:00:00	11.768599999999998	6.650400000000001	10	5	0	Day
2013-10-13 00:00:00	14.6495	5.4068	10	6	0	Day
2013-10-14 00:00:00	16.401200000000003	10.44125	10	0	1	Day
2013-10-15 00:00:00	15.5142	12.0169	10	1	1	Day
2013-10-16 00:00:00	17.344500000000004	11.715800000000002	10	2	1	Day
2013-10-17 00:00:00	18.7701	11.758125000000001	10	3	1	Day
2013-10-18 00:00:00	18.0307	9.801950000000001	10	4	1	Day
2013-10-19 00:00:00	19.772499999999997	12.283149999999997	10	5	0	Day
2013-10-20 00:00:00	18.54435	14.325025000000002	10	6	0	Day
2013-10-21 00:00:00	20.38905	13.5438	10	0	1	Day
2013-10-22 00:00:00	21.203999999999997	15.87465	10	1	1	Day
2013-10-23 00:00:00	19.214550000000003	13.610600000000003	10	2	1	Day
2013-10-24 00:00:00	19.0	11.979099999999999	10	3	1	Day
2013-10-25 00:00:00	20.2059	15.253250000000001	10	4	1	Day
2013-10-26 00:00:00	20.989399999999996	15.3995	10	5	0	Day
2013-10-27 00:00:00	17.99165	14.529200000000001	10	6	0	Day
2013-10-28 00:00:00	17.68675	11.3333	10	0	1	Day
2013-10-29 00:00:00	14.569749999999999	8.021125000000001	10	1	1	Day
2013-10-30 00:00:00	14.63075	5.8508000000000004	10	2	1	Day
2013-10-31 00:00:00	14.052450000000002	5.5127500000000005	10	3	1	Day
2013-11-01 00:00:00	13.37185	8.213149999999999	11	4	1	Holiday
2013-11-02 00:00:00	16.7475	11.389349999999999	11	5	0	Day
2013-11-03 00:00:00	13.467549999999997	9.32685	11	6	0	Day
2013-11-04 00:00:00	11.825899999999999	7.887250000000001	11	0	1	Day
2013-11-05 00:00:00	12.79155	7.185250000000001	11	1	1	Day
2013-11-06 00:00:00	16.92345	12.210600000000001	11	2	1	Day
2013-11-07 00:00:00	16.8992	11.665650000000001	11	3	1	Day
2013-11-08 00:00:00	14.438099999999999	9.732625	11	4	1	Day
2013-11-09 00:00:00	12.053600000000001	7.44585	11	5	0	Day
2013-11-10 00:00:00	11.3904	6.248175000000001	11	6	0	Day
2013-11-11 00:00:00	10.632249999999999	4.76605	11	0	1	Holiday
2013-11-12 00:00:00	11.618950000000002	7.113649999999999	11	1	1	Day
2013-11-13 00:00:00	11.2183	6.08035	11	2	1	Day
2013-11-14 00:00:00	9.9338	5.5482000000000005	11	3	1	Day
2013-11-15 00:00:00	8.37805	5.038975000000001	11	4	1	Day
2013-11-16 00:00:00	7.631450000000001	3.5473500000000002	11	5	0	Day
2013-11-17 00:00:00	7.67765	4.67575	11	6	0	Day
2013-11-18 00:00:00	7.71675	5.373550000000001	11	0	1	Day
2013-11-19 00:00:00	7.443250000000001	3.5828749999999996	11	1	1	Day
2013-11-20 00:00:00	5.8454500000000005	2.0523000000000002	11	2	1	Day
2013-11-21 00:00:00	5.125100000000001	2.99405	11	3	1	Day
2013-11-22 00:00:00	4.90925	2.2639	11	4	1	Day
2013-11-23 00:00:00	6.423800000000001	3.7466	11	5	0	Day
2013-11-24 00:00:00	7.887700000000001	4.3127	11	6	0	Day
2013-11-25 00:00:00	7.20385	4.066400000000001	11	0	1	Day
2013-11-26 00:00:00	6.5721	2.872575	11	1	1	Day
2013-11-27 00:00:00	6.009850000000001	0.3607999999999999	11	2	1	Day
2013-11-28 00:00:00	5.743399999999999	-0.6595500000000001	11	3	1	Day
2013-11-29 00:00:00	7.5609	3.12375	11	4	1	Day
2013-11-30 00:00:00	7.533	4.149724999999999	11	5	0	Day
2013-12-01 00:00:00	7.5404	2.5353	12	6	0	Day
2013-12-02 00:00:00	8.03175	2.2710250000000003	12	0	1	Day
2013-12-03 00:00:00	8.16085	0.06370000000000009	12	1	1	Day
2013-12-04 00:00:00	8.816849999999999	1.3428000000000002	12	2	1	Day
2013-12-05 00:00:00	7.750300000000001	3.3309500000000005	12	3	1	Day
2013-12-06 00:00:00	8.7974	3.510825000000001	12	4	1	Day
2013-12-07 00:00:00	8.5168	2.4797499999999997	12	5	0	Day
2013-12-08 00:00:00	9.49765	1.0141749999999998	12	6	0	Day
2013-12-09 00:00:00	8.857400000000002	-0.66175	12	0	1	Day
2013-12-10 00:00:00	8.5782	-0.9352499999999999	12	1	1	Day
2013-12-11 00:00:00	8.237	0.00890000000000004	12	2	1	Day
2013-12-12 00:00:00	7.1394	0.7439500000000001	12	3	1	Day
2013-12-13 00:00:00	7.027300000000001	0.78545	12	4	1	Day
2013-12-14 00:00:00	9.73125	4.02215	12	5	0	Day
2013-12-15 00:00:00	10.855200000000004	4.04035	12	6	0	Day
2013-12-16 00:00:00	12.373500000000002	3.6983	12	0	1	Day
2013-12-17 00:00:00	11.2399	4.350950000000001	12	1	1	Day
2013-12-18 00:00:00	10.96085	6.6026	12	2	1	Day
2013-12-19 00:00:00	9.520349999999999	5.618475000000001	12	3	1	Day
2013-12-20 00:00:00	9.053350000000002	4.24405	12	4	1	Day
2013-12-21 00:00:00	8.6137	3.92245	12	5	0	Day
2013-12-22 00:00:00	11.172699999999999	7.2427	12	6	0	Day
2013-12-23 00:00:00	12.1741	7.37955	12	0	1	Day
2013-12-24 00:00:00	11.900099999999997	10.327099999999998	12	1	1	Day
2013-12-25 00:00:00	10.183199999999998	5.610099999999999	12	2	1	Holiday
2013-12-26 00:00:00	8.28585	4.7333	12	3	1	Day
2013-12-27 00:00:00	11.547150000000002	5.56125	12	4	1	Day
2013-12-28 00:00:00	8.9756	5.213500000000001	12	5	0	Day
2013-12-29 00:00:00	8.73905	3.546825	12	6	0	Day
2013-12-30 00:00:00	7.97905	2.7141500000000005	12	0	1	Day
2013-12-31 00:00:00	8.9316	3.7984500000000003	12	1	1	Day
2014-01-01 00:00:00	10.347399999999999	6.10315	1	2	1	Holiday
2014-01-02 00:00:00	11.49745	8.3949	1	3	1	Day
2014-01-03 00:00:00	11.90335	8.300825	1	4	1	Day
2014-01-04 00:00:00	11.44015	6.39435	1	5	0	Day
2014-01-05 00:00:00	9.34085	5.229850000000001	1	6	0	Day
2014-01-06 00:00:00	12.869650000000002	8.3626	1	0	1	Day
2014-01-07 00:00:00	13.034650000000001	9.286699999999998	1	1	1	Day
2014-01-08 00:00:00	13.4115	8.248800000000001	1	2	1	Day
2014-01-09 00:00:00	11.7445	6.702875000000001	1	3	1	Day
2014-01-10 00:00:00	9.8244	5.0844499999999995	1	4	1	Day
2014-01-11 00:00:00	10.038000000000002	4.876075000000001	1	5	0	Day
2014-01-12 00:00:00	9.327149999999998	4.53815	1	6	0	Day
2014-01-13 00:00:00	9.578700000000001	5.570099999999999	1	0	1	Day
2014-01-14 00:00:00	8.29235	4.00745	1	1	1	Day
2014-01-15 00:00:00	8.507850000000001	3.9622	1	2	1	Day
2014-01-16 00:00:00	9.7373	7.153575	1	3	1	Day
2014-01-17 00:00:00	11.1099	5.716375000000001	1	4	1	Day
2014-01-18 00:00:00	10.12315	4.766150000000001	1	5	0	Day
2014-01-19 00:00:00	8.512150000000002	5.14165	1	6	0	Day
2014-01-20 00:00:00	7.33145	3.7323250000000003	1	0	1	Day
2014-01-21 00:00:00	6.79455	2.90315	1	1	1	Day
2014-01-22 00:00:00	6.7464	2.29625	1	2	1	Day
2014-01-23 00:00:00	8.330699999999998	4.296900000000001	1	3	1	Day
2014-01-24 00:00:00	7.590600000000001	4.7357000000000005	1	4	1	Day
2014-01-25 00:00:00	8.5502	4.22325	1	5	0	Day
2014-01-26 00:00:00	9.63395	6.08195	1	6	0	Day
2014-01-27 00:00:00	7.356350000000002	3.464875	1	0	1	Day
2014-01-28 00:00:00	7.459400000000001	3.0222	1	1	1	Day
2014-01-29 00:00:00	6.2682	3.4196000000000004	1	2	1	Day
2014-01-30 00:00:00	6.71995	3.1881500000000003	1	3	1	Day
2014-01-31 00:00:00	8.1906	1.66945	1	4	1	Day
2014-02-01 00:00:00	8.058850000000001	4.005775000000001	2	5	0	Day
2014-02-02 00:00:00	8.6202	2.8859	2	6	0	Day
2014-02-03 00:00:00	8.81025	1.34355	2	0	1	Day
2014-02-04 00:00:00	9.392500000000002	3.9507	2	1	1	Day
2014-02-05 00:00:00	8.661349999999999	5.841200000000001	2	2	1	Day
2014-02-06 00:00:00	11.497850000000001	4.8338	2	3	1	Day
2014-02-07 00:00:00	11.106849999999998	6.66365	2	4	1	Day
2014-02-08 00:00:00	8.77365	5.644875000000001	2	5	0	Day
2014-02-09 00:00:00	9.0381	4.385050000000001	2	6	0	Day
2014-02-10 00:00:00	8.159749999999999	5.5546999999999995	2	0	1	Day
2014-02-11 00:00:00	8.4079	3.6898500000000003	2	1	1	Day
2014-02-12 00:00:00	10.024000000000001	3.4282000000000004	2	2	1	Day
2014-02-13 00:00:00	9.615299999999998	5.315000000000001	2	3	1	Day
2014-02-14 00:00:00	10.184717999999998	5.513764	2	4	1	Day
2014-02-15 00:00:00	11.026150000000003	6.88535	2	5	0	Day
2014-02-16 00:00:00	10.07745	5.2452499999999995	2	6	0	Day
2014-02-17 00:00:00	11.772049999999998	3.3711499999999996	2	0	1	Day
2014-02-18 00:00:00	10.86815	4.7292	2	1	1	Day
2014-02-19 00:00:00	11.35185	6.839000000000001	2	2	1	Day
2014-02-20 00:00:00	12.451250000000002	7.737500000000001	2	3	1	Day
2014-02-21 00:00:00	9.434050000000001	4.8656500000000005	2	4	1	Day
2014-02-22 00:00:00	10.854900000000002	4.38585	2	5	0	Day
2014-02-23 00:00:00	13.225200000000001	4.696150000000001	2	6	0	Day
2014-02-24 00:00:00	14.527800000000001	5.067200000000001	2	0	1	Day
2014-02-25 00:00:00	11.4984	6.50075	2	1	1	Day
2014-02-26 00:00:00	9.678500000000001	4.440599999999999	2	2	1	Day
2014-02-27 00:00:00	9.266250000000003	4.2816	2	3	1	Day
2014-02-28 00:00:00	8.04205	4.739525	2	4	1	Day
2014-03-01 00:00:00	8.9223	3.36105	3	5	0	Day
2014-03-02 00:00:00	10.263149999999998	1.62	3	6	0	Day
2014-03-03 00:00:00	8.294749999999999	4.739875	3	0	1	Day
2014-03-04 00:00:00	10.118050000000002	4.2807	3	1	1	Day
2014-03-05 00:00:00	12.732350000000002	3.11125	3	2	1	Day
2014-03-06 00:00:00	13.902350000000002	2.94295	3	3	1	Day
2014-03-07 00:00:00	15.089500000000001	2.28415	3	4	1	Day
2014-03-08 00:00:00	17.724750000000004	4.175000000000001	3	5	0	Day
2014-03-09 00:00:00	19.415900000000004	5.23645	3	6	0	Day
2014-03-10 00:00:00	17.954050000000002	4.60395	3	0	1	Day
2014-03-11 00:00:00	15.2583	6.10525	3	1	1	Day
2014-03-12 00:00:00	16.805750000000003	5.331650000000001	3	2	1	Day
2014-03-13 00:00:00	17.736	4.1247	3	3	1	Day
2014-03-14 00:00:00	17.4	4.721500000000001	3	4	1	Day
2014-03-15 00:00:00	14.0159	6.8376	3	5	0	Day
2014-03-16 00:00:00	16.98715	6.913550000000001	3	6	0	Day
2014-03-17 00:00:00	15.639949999999999	6.420050000000001	3	0	1	Day
2014-03-18 00:00:00	14.4707	7.42175	3	1	1	Day
2014-03-19 00:00:00	16.1137	7.254225000000001	3	2	1	Day
2014-03-20 00:00:00	19.073849999999997	5.380100000000001	3	3	1	Day
2014-03-21 00:00:00	14.163350000000003	9.3442	3	4	1	Day
2014-03-22 00:00:00	10.73605	5.511475	3	5	0	Day
2014-03-23 00:00:00	9.660350000000001	3.79325	3	6	0	Day
2014-03-24 00:00:00	9.920550000000002	2.7836000000000003	3	0	1	Day
2014-03-25 00:00:00	9.310799999999999	4.816400000000001	3	1	1	Day
2014-03-26 00:00:00	10.7047	4.239800000000001	3	2	1	Day
2014-03-27 00:00:00	11.282300000000001	2.2373	3	3	1	Day
2014-03-28 00:00:00	15.3308	3.3355500000000005	3	4	1	Day
2014-03-29 00:00:00	18.516400000000004	6.704050000000001	3	5	0	Day
2014-03-30 00:00:00	17.647650000000002	9.65835	3	6	0	Day
2014-03-31 00:00:00	17.797900000000002	8.4331	3	0	1	Day
2014-04-01 00:00:00	19.714850000000002	8.01565	4	1	1	Day
2014-04-02 00:00:00	19.283400000000004	10.4072	4	2	1	Day
2014-04-03 00:00:00	15.665350000000002	12.186200000000001	4	3	1	Day
2014-04-04 00:00:00	14.809649999999998	10.15685	4	4	1	Day
2014-04-05 00:00:00	17.0758	9.06115	4	5	0	Day
2014-04-06 00:00:00	18.633000000000003	11.258249999999999	4	6	0	Day
2014-04-07 00:00:00	21.00915	11.09665	4	0	1	Day
2014-04-08 00:00:00	14.57825	8.4424	4	1	1	Day
2014-04-09 00:00:00	16.7627	5.623900000000001	4	2	1	Day
2014-04-10 00:00:00	19.5358	5.9533000000000005	4	3	1	Day
2014-04-11 00:00:00	18.30845	7.8562	4	4	1	Day
2014-04-12 00:00:00	18.04865	7.85975	4	5	0	Day
2014-04-13 00:00:00	17.035249999999998	9.42245	4	6	0	Day
2014-04-14 00:00:00	17.9594	7.193599999999999	4	0	1	Day
2014-04-15 00:00:00	16.257700000000003	6.170850000000001	4	1	1	Day
2014-04-16 00:00:00	17.4055	4.466950000000001	4	2	1	Day
2014-04-17 00:00:00	19.538999999999998	4.6995000000000005	4	3	1	Day
2014-04-18 00:00:00	15.522399999999998	8.034350000000002	4	4	1	Day
2014-04-19 00:00:00	13.439350000000001	5.685	4	5	0	Day
2014-04-20 00:00:00	14.2555	6.7132	4	6	0	Day
2014-04-21 00:00:00	15.048499999999999	8.6393	4	0	1	Holiday
2014-04-22 00:00:00	17.3404	9.45615	4	1	1	Day
2014-04-23 00:00:00	19.08405	8.11735	4	2	1	Day
2014-04-24 00:00:00	18.851450000000003	9.818450000000002	4	3	1	Day
2014-04-25 00:00:00	15.591300000000002	10.405299999999999	4	4	1	Day
2014-04-26 00:00:00	15.23225	8.85905	4	5	0	Day
2014-04-27 00:00:00	14.3844	8.776100000000001	4	6	0	Day
2014-04-28 00:00:00	14.54065	8.94295	4	0	1	Day
2014-04-29 00:00:00	15.261099999999999	8.5832	4	1	1	Day
2014-04-30 00:00:00	16.1585	9.236200000000002	4	2	1	Day
2014-05-01 00:00:00	15.740699999999997	9.9665	5	3	1	Holiday
2014-05-02 00:00:00	14.821900000000001	10.265624999999998	5	4	1	Day
2014-05-03 00:00:00	14.116550000000002	7.79935	5	5	0	Day
2014-05-04 00:00:00	17.102999999999998	5.531699999999999	5	6	0	Day
2014-05-05 00:00:00	21.58875	6.327700000000001	5	0	1	Day
2014-05-06 00:00:00	18.533250000000002	11.88505	5	1	1	Day
2014-05-07 00:00:00	17.385350000000003	11.9573	5	2	1	Day
2014-05-08 00:00:00	17.262000000000004	10.772400000000001	5	3	1	Holiday
2014-05-09 00:00:00	19.36835	12.761599999999998	5	4	1	Day
2014-05-10 00:00:00	17.975649999999998	11.85015	5	5	0	Day
2014-05-11 00:00:00	15.751050000000001	9.932224999999999	5	6	0	Day
2014-05-12 00:00:00	14.56675	8.573	5	0	1	Day
2014-05-13 00:00:00	14.45275	7.8892	5	1	1	Day
2014-05-14 00:00:00	17.467049999999997	7.452299999999999	5	2	1	Day
2014-05-15 00:00:00	17.359700000000004	7.5443999999999996	5	3	1	Day
2014-05-16 00:00:00	19.095700000000004	7.201350000000001	5	4	1	Day
2014-05-17 00:00:00	21.118	8.9736	5	5	0	Day
2014-05-18 00:00:00	22.92095	9.216349999999998	5	6	0	Day
2014-05-19 00:00:00	22.574199999999998	12.0614	5	0	1	Day
2014-05-20 00:00:00	19.224000000000004	13.567275	5	1	1	Day
2014-05-21 00:00:00	20.009900000000002	13.024249999999999	5	2	1	Day
2014-05-22 00:00:00	19.1021	12.092300000000002	5	3	1	Day
2014-05-23 00:00:00	17.4254	10.24765	5	4	1	Day
2014-05-24 00:00:00	17.26955	9.017800000000001	5	5	0	Day
2014-05-25 00:00:00	19.044050000000002	8.8771	5	6	0	Day
2014-05-26 00:00:00	16.373250000000002	11.761400000000002	5	0	1	Day
2014-05-27 00:00:00	16.680200000000003	11.012949999999998	5	1	1	Day
2014-05-28 00:00:00	17.2179	9.869450000000002	5	2	1	Day
2014-05-29 00:00:00	18.72205	10.8184	5	3	1	Holiday
2014-05-30 00:00:00	19.757550000000002	11.634300000000001	5	4	1	Day
2014-05-31 00:00:00	20.366749999999996	11.2536	5	5	0	Day
2014-06-01 00:00:00	19.895149999999997	10.81155	6	6	0	Day
2014-06-02 00:00:00	19.838	11.7045	6	0	1	Day
2014-06-03 00:00:00	19.963250000000002	12.66235	6	1	1	Day
2014-06-04 00:00:00	16.575899999999997	10.9709	6	2	1	Day
2014-06-05 00:00:00	20.7039	9.37345	6	3	1	Day
2014-06-06 00:00:00	26.947000000000003	12.1281	6	4	1	Day
2014-06-07 00:00:00	26.669850000000004	16.66255	6	5	0	Day
2014-06-08 00:00:00	28.2343	16.0197	6	6	0	Day
2014-06-09 00:00:00	27.565549999999998	16.7523	6	0	1	Holiday
2014-06-10 00:00:00	24.131149999999998	16.759449999999998	6	1	1	Day
2014-06-11 00:00:00	26.299500000000005	15.582200000000002	6	2	1	Day
2014-06-12 00:00:00	27.314950000000003	16.1416	6	3	1	Day
2014-06-13 00:00:00	26.337850000000003	16.2223	6	4	1	Day
2014-06-14 00:00:00	23.3301	15.392550000000002	6	5	0	Day
2014-06-15 00:00:00	20.863549999999996	13.46	6	6	0	Day
2014-06-16 00:00:00	21.8244	12.860949999999999	6	0	1	Day
2014-06-17 00:00:00	20.374249999999996	13.4724	6	1	1	Day
2014-06-18 00:00:00	22.04965	12.892800000000003	6	2	1	Day
2014-06-19 00:00:00	23.82615	12.654400000000003	6	3	1	Day
2014-06-20 00:00:00	24.03795	13.66555	6	4	1	Day
2014-06-21 00:00:00	25.676550000000002	13.156000000000002	6	5	0	Day
2014-06-22 00:00:00	26.753750000000004	15.1433	6	6	0	Day
2014-06-23 00:00:00	24.210449999999998	16.2272	6	0	1	Day
2014-06-24 00:00:00	25.428649999999998	14.932899999999998	6	1	1	Day
2014-06-25 00:00:00	23.5458	14.891499999999999	6	2	1	Day
2014-06-26 00:00:00	23.57125	14.108099999999999	6	3	1	Day
2014-06-27 00:00:00	23.7894	14.6198	6	4	1	Day
2014-06-28 00:00:00	21.415249999999997	15.382100000000001	6	5	0	Day
2014-06-29 00:00:00	19.293000000000003	13.621500000000003	6	6	0	Day
2014-06-30 00:00:00	21.1946	12.295399999999999	6	0	1	Day
2014-07-01 00:00:00	23.298399999999997	13.485	7	1	1	Day
2014-07-02 00:00:00	24.664050000000003	14.800050000000004	7	2	1	Day
2014-07-03 00:00:00	27.8702	14.464	7	3	1	Day
2014-07-04 00:00:00	24.1391	18.089624999999998	7	4	1	Day
2014-07-05 00:00:00	23.422050000000002	17.03775	7	5	0	Day
2014-07-06 00:00:00	21.68145	14.914574999999997	7	6	0	Day
2014-07-07 00:00:00	19.8525	13.3828	7	0	1	Day
2014-07-08 00:00:00	19.751700000000003	13.8075	7	1	1	Day
2014-07-09 00:00:00	17.99465	13.40985	7	2	1	Day
2014-07-10 00:00:00	18.3654	13.7231	7	3	1	Day
2014-07-11 00:00:00	20.741449999999997	14.60235	7	4	1	Day
2014-07-12 00:00:00	21.2848	15.17365	7	5	0	Day
2014-07-13 00:00:00	20.586550000000003	16.108674999999998	7	6	0	Day
2014-07-14 00:00:00	23.03745	14.59765	7	0	1	Holiday
2014-07-15 00:00:00	25.3654	13.9522	7	1	1	Day
2014-07-16 00:00:00	28.331550000000007	16.299200000000003	7	2	1	Day
2014-07-17 00:00:00	31.11	17.444750000000003	7	3	1	Day
2014-07-18 00:00:00	30.749150000000004	19.22495	7	4	1	Day
2014-07-19 00:00:00	28.11685	20.194949999999995	7	5	0	Day
2014-07-20 00:00:00	22.271649999999998	17.25085	7	6	0	Day
2014-07-21 00:00:00	22.821350000000002	16.29095	7	0	1	Day
2014-07-22 00:00:00	23.479200000000002	16.68645	7	1	1	Day
2014-07-23 00:00:00	27.8011	17.5711	7	2	1	Day
2014-07-24 00:00:00	27.7466	18.113950000000003	7	3	1	Day
2014-07-25 00:00:00	25.77015	17.42215	7	4	1	Day
2014-07-26 00:00:00	25.504050000000003	16.637800000000002	7	5	0	Day
2014-07-27 00:00:00	26.746400000000005	16.837449999999997	7	6	0	Day
2014-07-28 00:00:00	21.5416	16.032675	7	0	1	Day
2014-07-29 00:00:00	20.9968	14.872200000000003	7	1	1	Day
2014-07-30 00:00:00	24.14745	15.762600000000003	7	2	1	Day
2014-07-31 00:00:00	25.7558	14.867949999999999	7	3	1	Day
2014-08-01 00:00:00	26.07035	15.756700000000002	8	4	1	Day
2014-08-02 00:00:00	23.850950000000005	16.740575	8	5	0	Day
2014-08-03 00:00:00	23.77715	15.611500000000003	8	6	0	Day
2014-08-04 00:00:00	23.530300000000004	15.573749999999999	8	0	1	Day
2014-08-05 00:00:00	25.208050000000007	14.70315	8	1	1	Day
2014-08-06 00:00:00	23.565500000000004	16.12565	8	2	1	Day
2014-08-07 00:00:00	24.843400000000003	17.5594	8	3	1	Day
2014-08-08 00:00:00	24.277449999999995	17.47435	8	4	1	Day
2014-08-09 00:00:00	23.68945	16.12465	8	5	0	Day
2014-08-10 00:00:00	25.03995	17.571299999999997	8	6	0	Day
2014-08-11 00:00:00	21.875899999999998	15.3123	8	0	1	Day
2014-08-12 00:00:00	21.694300000000002	14.575950000000004	8	1	1	Day
2014-08-13 00:00:00	20.392200000000003	14.71705	8	2	1	Day
2014-08-14 00:00:00	20.334699999999998	13.70635	8	3	1	Day
2014-08-15 00:00:00	20.076999999999998	13.343499999999999	8	4	1	Holiday
2014-08-16 00:00:00	21.703400000000002	12.420549999999999	8	5	0	Day
2014-08-17 00:00:00	21.414749999999998	12.20895	8	6	0	Day
2014-08-18 00:00:00	21.1401	13.35395	8	0	1	Day
2014-08-19 00:00:00	20.35	12.85315	8	1	1	Day
2014-08-20 00:00:00	19.993850000000002	11.60355	8	2	1	Day
2014-08-21 00:00:00	20.735649999999996	9.9709	8	3	1	Day
2014-08-22 00:00:00	20.555249999999997	11.805300000000003	8	4	1	Day
2014-08-23 00:00:00	19.89795	13.195300000000003	8	5	0	Day
2014-08-24 00:00:00	20.960300000000004	10.721749999999998	8	6	0	Day
2014-08-25 00:00:00	20.613	13.782100000000002	8	0	1	Day
2014-08-26 00:00:00	22.13445	16.12105	8	1	1	Day
2014-08-27 00:00:00	22.60395	16.33035	8	2	1	Day
2014-08-28 00:00:00	24.240399999999998	16.13505	8	3	1	Day
2014-08-29 00:00:00	22.732050000000005	15.960250000000002	8	4	1	Day
2014-08-30 00:00:00	22.5421	14.46775	8	5	0	Day
2014-08-31 00:00:00	21.875349999999997	14.40635	8	6	0	Day
2014-09-01 00:00:00	22.51485	12.5867	9	0	1	Day
2014-09-02 00:00:00	23.51295	13.2541	9	1	1	Day
2014-09-03 00:00:00	23.807850000000002	13.160700000000002	9	2	1	Day
2014-09-04 00:00:00	23.729349999999997	13.57155	9	3	1	Day
2014-09-05 00:00:00	24.116300000000003	15.75505	9	4	1	Day
2014-09-06 00:00:00	24.903299999999998	15.0319	9	5	0	Day
2014-09-07 00:00:00	26.30065	15.27075	9	6	0	Day
2014-09-08 00:00:00	26.240050000000004	16.4185	9	0	1	Day
2014-09-09 00:00:00	24.00775	15.835749999999999	9	1	1	Day
2014-09-10 00:00:00	23.7255	14.3942	9	2	1	Day
2014-09-11 00:00:00	22.586350000000007	12.61115	9	3	1	Day
2014-09-12 00:00:00	22.6255	12.469299999999999	9	4	1	Day
2014-09-13 00:00:00	23.2723	12.946700000000002	9	5	0	Day
2014-09-14 00:00:00	23.1103	14.3009	9	6	0	Day
2014-09-15 00:00:00	24.5082	14.3335	9	0	1	Day
2014-09-16 00:00:00	26.1077	14.073400000000001	9	1	1	Day
2014-09-17 00:00:00	25.661749999999998	17.050649999999997	9	2	1	Day
2014-09-18 00:00:00	24.63015	17.29775	9	3	1	Day
2014-09-19 00:00:00	24.789400000000004	16.95245	9	4	1	Day
2014-09-20 00:00:00	25.26105	15.70985	9	5	0	Day
2014-09-21 00:00:00	21.35775	14.605900000000004	9	6	0	Day
2014-09-22 00:00:00	19.21075	12.191950000000002	9	0	1	Day
2014-09-23 00:00:00	19.065800000000003	9.7505	9	1	1	Day
2014-09-24 00:00:00	18.01635	10.231150000000001	9	2	1	Day
2014-09-25 00:00:00	19.355650000000004	9.985800000000001	9	3	1	Day
2014-09-26 00:00:00	21.3431	8.9292	9	4	1	Day
2014-09-27 00:00:00	23.5194	10.97595	9	5	0	Day
2014-09-28 00:00:00	24.132050000000007	12.0914	9	6	0	Day
2014-09-29 00:00:00	21.394899999999996	15.509749999999999	9	0	1	Day
2014-09-30 00:00:00	21.8731	14.7077	9	1	1	Day
2014-10-01 00:00:00	22.691350000000003	13.293550000000002	10	2	1	Day
2014-10-02 00:00:00	22.51185	13.41755	10	3	1	Day
2014-10-03 00:00:00	23.316399999999998	12.2559	10	4	1	Day
2014-10-04 00:00:00	21.94435	11.8985	10	5	0	Day
2014-10-05 00:00:00	16.385800000000003	10.2919	10	6	0	Day
2014-10-06 00:00:00	17.20525	9.62355	10	0	1	Day
2014-10-07 00:00:00	17.72505	13.87435	10	1	1	Day
2014-10-08 00:00:00	21.288050000000002	14.055850000000001	10	2	1	Day
2014-10-09 00:00:00	19.937649999999998	14.802774999999999	10	3	1	Day
2014-10-10 00:00:00	18.354800000000004	13.255150000000002	10	4	1	Day
2014-10-11 00:00:00	19.357200000000002	12.411000000000001	10	5	0	Day
2014-10-12 00:00:00	18.580000000000002	12.253550000000002	10	6	0	Day
2014-10-13 00:00:00	18.0783	11.655825	10	0	1	Day
2014-10-14 00:00:00	19.03095	10.182849999999998	10	1	1	Day
2014-10-15 00:00:00	18.211950000000005	11.8694	10	2	1	Day
2014-10-16 00:00:00	19.223449999999996	14.795199999999998	10	3	1	Day
2014-10-17 00:00:00	20.890750000000004	14.503850000000002	10	4	1	Day
2014-10-18 00:00:00	24.111649999999997	13.92805	10	5	0	Day
2014-10-19 00:00:00	23.4375	14.76175	10	6	0	Day
2014-10-20 00:00:00	20.306950000000004	14.067700000000002	10	0	1	Day
2014-10-21 00:00:00	18.0698	11.149075000000002	10	1	1	Day
2014-10-22 00:00:00	13.703350000000002	8.277500000000002	10	2	1	Day
2014-10-23 00:00:00	14.97175	8.934750000000001	10	3	1	Day
2014-10-24 00:00:00	16.614199999999997	9.255550000000001	10	4	1	Day
2014-10-25 00:00:00	17.37765	10.999800000000002	10	5	0	Day
2014-10-26 00:00:00	17.923000000000002	9.673699999999998	10	6	0	Day
2014-10-27 00:00:00	17.85555	8.627600000000001	10	0	1	Day
2014-10-28 00:00:00	15.8773	9.310550000000001	10	1	1	Day
2014-10-29 00:00:00	17.804949999999998	9.0135	10	2	1	Day
2014-10-30 00:00:00	19.851149999999997	10.107199999999999	10	3	1	Day
2014-10-31 00:00:00	21.486100000000004	10.55645	10	4	1	Day
2014-11-01 00:00:00	19.9534	10.48065	11	5	0	Holiday
2014-11-02 00:00:00	17.547	11.5088	11	6	0	Day
2014-11-03 00:00:00	15.2877	11.273125	11	0	1	Day
2014-11-04 00:00:00	11.948400000000001	7.80335	11	1	1	Day
2014-11-05 00:00:00	11.051	6.195925000000001	11	2	1	Day
2014-11-06 00:00:00	12.157300000000001	4.549999999999999	11	3	1	Day
2014-11-07 00:00:00	13.725750000000001	7.047150000000001	11	4	1	Day
2014-11-08 00:00:00	14.3353	7.257650000000001	11	5	0	Day
2014-11-09 00:00:00	12.1991	7.983625	11	6	0	Day
2014-11-10 00:00:00	12.8602	6.98735	11	0	1	Day
2014-11-11 00:00:00	14.4519	7.86115	11	1	1	Holiday
2014-11-12 00:00:00	13.7212	7.89745	11	2	1	Day
2014-11-13 00:00:00	14.9283	7.566349999999999	11	3	1	Day
2014-11-14 00:00:00	12.86915	9.5571	11	4	1	Day
2014-11-15 00:00:00	12.5814	8.15745	11	5	0	Day
2014-11-16 00:00:00	11.635600000000002	7.7404	11	6	0	Day
2014-11-17 00:00:00	10.452049999999998	7.8404	11	0	1	Day
2014-11-18 00:00:00	11.670200000000001	6.300225000000001	11	1	1	Day
2014-11-19 00:00:00	11.40895	5.745550000000001	11	2	1	Day
2014-11-20 00:00:00	12.2131	6.78425	11	3	1	Day
2014-11-21 00:00:00	14.476300000000004	7.409299999999999	11	4	1	Day
2014-11-22 00:00:00	15.709800000000003	9.5365	11	5	0	Day
2014-11-23 00:00:00	16.3226	10.5607	11	6	0	Day
2014-11-24 00:00:00	13.4268	10.451375000000002	11	0	1	Day
2014-11-25 00:00:00	12.35525	10.042799999999998	11	1	1	Day
2014-11-26 00:00:00	12.9	9.481100000000001	11	2	1	Day
2014-11-27 00:00:00	12.771200000000002	8.944999999999999	11	3	1	Day
2014-11-28 00:00:00	15.1554	10.8208	11	4	1	Day
2014-11-29 00:00:00	13.236500000000001	8.022499999999999	11	5	0	Day
2014-11-30 00:00:00	9.3418	7.302250000000002	11	6	0	Day
2014-12-01 00:00:00	7.662400000000001	5.092025	12	0	1	Day
2014-12-02 00:00:00	6.181100000000002	4.589275	12	1	1	Day
2014-12-03 00:00:00	5.48615	3.78355	12	2	1	Day
2014-12-04 00:00:00	5.860299999999999	3.50335	12	3	1	Day
2014-12-05 00:00:00	7.018750000000001	4.1956500000000005	12	4	1	Day
2014-12-06 00:00:00	6.97115	3.4463	12	5	0	Day
2014-12-07 00:00:00	7.23755	2.84845	12	6	0	Day
2014-12-08 00:00:00	7.8473500000000005	3.6713999999999998	12	0	1	Day
2014-12-09 00:00:00	7.1541	2.347	12	1	1	Day
2014-12-10 00:00:00	8.964300000000001	3.8786000000000005	12	2	1	Day
2014-12-11 00:00:00	9.9841	6.69	12	3	1	Day
2014-12-12 00:00:00	10.81015	6.6974	12	4	1	Day
2014-12-13 00:00:00	8.8638	5.442200000000001	12	5	0	Day
2014-12-14 00:00:00	7.9140000000000015	4.078	12	6	0	Day
2014-12-15 00:00:00	8.97465	5.1530499999999995	12	0	1	Day
2014-12-16 00:00:00	9.70995	6.923450000000001	12	1	1	Day
2014-12-17 00:00:00	10.4092	6.8702499999999995	12	2	1	Day
2014-12-18 00:00:00	12.88065	10.366200000000001	12	3	1	Day
2014-12-19 00:00:00	12.241	8.3908	12	4	1	Day
2014-12-20 00:00:00	10.34305	6.414549999999999	12	5	0	Day
2014-12-21 00:00:00	9.5507	5.939349999999999	12	6	0	Day
2014-12-22 00:00:00	10.230049999999999	5.38745	12	0	1	Day
2014-12-23 00:00:00	9.239949999999999	4.73	12	1	1	Day
2014-12-24 00:00:00	10.42215	5.74255	12	2	1	Day
2014-12-25 00:00:00	9.7182	4.096725	12	3	1	Holiday
2014-12-26 00:00:00	6.79565	2.7608500000000005	12	4	1	Day
2014-12-27 00:00:00	6.6258	2.747325	12	5	0	Day
2014-12-28 00:00:00	2.5422	-2.465525	12	6	0	Day
2014-12-29 00:00:00	3.3966000000000003	-3.7194499999999997	12	0	1	Day
2014-12-30 00:00:00	4.821000000000001	-0.73785	12	1	1	Day
2014-12-31 00:00:00	5.4915	-0.6629750000000002	12	2	1	Day
2015-01-01 00:00:00	5.75265	-1.6363999999999999	1	3	1	Holiday
2015-01-02 00:00:00	8.72415	1.7937999999999994	1	4	1	Day
2015-01-03 00:00:00	11.7957	3.6125000000000003	1	5	0	Day
2015-01-04 00:00:00	9.28555	3.149875	1	6	0	Day
2015-01-05 00:00:00	5.8805000000000005	0.8512250000000002	1	0	1	Day
2015-01-06 00:00:00	6.0918	0.11755000000000018	1	1	1	Day
2015-01-07 00:00:00	7.554600000000001	1.5304499999999999	1	2	1	Day
2015-01-08 00:00:00	11.275950000000002	5.5171	1	3	1	Day
2015-01-09 00:00:00	13.074750000000002	7.343249999999999	1	4	1	Day
2015-01-10 00:00:00	13.86885	8.2675	1	5	0	Day
2015-01-11 00:00:00	9.1421	4.9932	1	6	0	Day
2015-01-12 00:00:00	10.564350000000001	4.063100000000001	1	0	1	Day
2015-01-13 00:00:00	11.963999999999999	6.18595	1	1	1	Day
2015-01-14 00:00:00	9.9447	6.2109	1	2	1	Day
2015-01-15 00:00:00	11.207500000000001	7.234199999999999	1	3	1	Day
2015-01-16 00:00:00	8.153550000000001	3.8623499999999997	1	4	1	Day
2015-01-17 00:00:00	7.0136	1.4914250000000002	1	5	0	Day
2015-01-18 00:00:00	6.000400000000001	0.4945000000000001	1	6	0	Day
2015-01-19 00:00:00	4.60225	1.382025	1	0	1	Day
2015-01-20 00:00:00	4.0746	0.57455	1	1	1	Day
2015-01-21 00:00:00	4.461250000000001	0.6431000000000001	1	2	1	Day
2015-01-22 00:00:00	4.2242	0.49207499999999993	1	3	1	Day
2015-01-23 00:00:00	3.86255	0.013300000000000006	1	4	1	Day
2015-01-24 00:00:00	5.911900000000001	0.7657000000000003	1	5	0	Day
2015-01-25 00:00:00	6.425199999999999	0.6852	1	6	0	Day
2015-01-26 00:00:00	7.252599999999999	3.2600500000000006	1	0	1	Day
2015-01-27 00:00:00	7.108149999999999	3.8556500000000002	1	1	1	Day
2015-01-28 00:00:00	8.358099999999999	4.2273499999999995	1	2	1	Day
2015-01-29 00:00:00	7.0792	3.839925	1	3	1	Day
2015-01-30 00:00:00	5.8591	2.38485	1	4	1	Day
2015-01-31 00:00:00	5.588250000000001	1.5832000000000004	1	5	0	Day
2015-02-01 00:00:00	4.788349999999999	1.9865000000000002	2	6	0	Day
2015-02-02 00:00:00	5.17425	-0.055049999999999905	2	0	1	Day
2015-02-03 00:00:00	2.7979499999999997	-0.7199000000000002	2	1	1	Day
2015-02-04 00:00:00	3.34105	-0.26149999999999984	2	2	1	Day
2015-02-05 00:00:00	2.6773000000000002	-0.39677500000000004	2	3	1	Day
2015-02-06 00:00:00	1.9974999999999996	-0.84985	2	4	1	Day
2015-02-07 00:00:00	4.9249	-1.2146499999999998	2	5	0	Day
2015-02-08 00:00:00	6.358700000000001	1.0166000000000002	2	6	0	Day
2015-02-09 00:00:00	7.01215	-0.6317500000000001	2	0	1	Day
2015-02-10 00:00:00	7.497200000000001	1.0802999999999998	2	1	1	Day
2015-02-11 00:00:00	9.7744	-0.20464999999999994	2	2	1	Day
2015-02-12 00:00:00	9.574300000000003	-0.39935	2	3	1	Day
2015-02-13 00:00:00	11.748699999999998	3.2171	2	4	1	Day
2015-02-14 00:00:00	8.61965	5.0322	2	5	0	Day
2015-02-15 00:00:00	8.28375	3.9290249999999998	2	6	0	Day
2015-02-16 00:00:00	7.986800000000001	2.9523	2	0	1	Day
2015-02-17 00:00:00	7.9346499999999995	3.1904250000000003	2	1	1	Day
2015-02-18 00:00:00	7.62485	1.4916000000000003	2	2	1	Day
2015-02-19 00:00:00	9.0042	0.06910000000000005	2	3	1	Day
2015-02-20 00:00:00	10.28545	3.7241	2	4	1	Day
2015-02-21 00:00:00	6.1686499999999995	2.069725	2	5	0	Day
2015-02-22 00:00:00	7.6516	1.06475	2	6	0	Day
2015-02-23 00:00:00	9.6	4.5040249999999995	2	0	1	Day
2015-02-24 00:00:00	8.41305	3.6286000000000005	2	1	1	Day
2015-02-25 00:00:00	9.695	4.2899	2	2	1	Day
2015-02-26 00:00:00	11.094100000000001	6.1424	2	3	1	Day
2015-02-27 00:00:00	8.288350000000001	2.713475	2	4	1	Day
2015-02-28 00:00:00	9.57985	1.9570999999999998	2	5	0	Day
2015-03-01 00:00:00	11.682350000000001	7.536100000000001	3	6	0	Day
2015-03-02 00:00:00	11.56835	5.904025	3	0	1	Day
2015-03-03 00:00:00	11.716050000000001	4.8721000000000005	3	1	1	Day
2015-03-04 00:00:00	8.48755	2.899725	3	2	1	Day
2015-03-05 00:00:00	10.5587	1.5417500000000004	3	3	1	Day
2015-03-06 00:00:00	12.59635	0.4413000000000001	3	4	1	Day
2015-03-07 00:00:00	15.316	1.7301000000000002	3	5	0	Day
2015-03-08 00:00:00	16.43185	2.3321499999999995	3	6	0	Day
2015-03-09 00:00:00	14.1067	5.53375	3	0	1	Day
2015-03-10 00:00:00	13.7949	5.974500000000002	3	1	1	Day
2015-03-11 00:00:00	14.968499999999999	6.9141	3	2	1	Day
2015-03-12 00:00:00	14.635700000000002	4.3694500000000005	3	3	1	Day
2015-03-13 00:00:00	11.2042	4.450900000000001	3	4	1	Day
2015-03-14 00:00:00	9.2638	3.8111500000000005	3	5	0	Day
2015-03-15 00:00:00	8.48895	4.1805	3	6	0	Day
2015-03-16 00:00:00	12.22945	4.042000000000001	3	0	1	Day
2015-03-17 00:00:00	15.8089	3.9455500000000003	3	1	1	Day
2015-03-18 00:00:00	15.978150000000005	7.0546	3	2	1	Day
2015-03-19 00:00:00	11.8956	5.6591000000000005	3	3	1	Day
2015-03-20 00:00:00	11.555049999999998	6.542549999999999	3	4	1	Day
2015-03-21 00:00:00	10.38535	6.101600000000001	3	5	0	Day
2015-03-22 00:00:00	9.461849999999998	4.1252	3	6	0	Day
2015-03-23 00:00:00	13.687649999999998	2.2340500000000003	3	0	1	Day
2015-03-24 00:00:00	10.630749999999999	5.473750000000001	3	1	1	Day
2015-03-25 00:00:00	8.84575	3.659425	3	2	1	Day
2015-03-26 00:00:00	10.334150000000001	3.1195500000000007	3	3	1	Day
2015-03-27 00:00:00	12.304700000000002	5.555400000000001	3	4	1	Day
2015-03-28 00:00:00	14.732849999999997	7.538950000000001	3	5	0	Day
2015-03-29 00:00:00	13.330400000000001	10.22635	3	6	0	Day
2015-03-30 00:00:00	14.050150000000004	10.549950000000003	3	0	1	Day
2015-03-31 00:00:00	14.4859	8.152425000000001	3	1	1	Day
2015-04-01 00:00:00	11.8881	6.219250000000001	4	2	1	Day
2015-04-02 00:00:00	11.9217	7.018700000000001	4	3	1	Day
2015-04-03 00:00:00	12.39525	7.100650000000001	4	4	1	Day
2015-04-04 00:00:00	11.3769	5.6690000000000005	4	5	0	Day
2015-04-05 00:00:00	11.333549999999999	3.7439999999999998	4	6	0	Day
2015-04-06 00:00:00	13.3898	2.3904	4	0	1	Holiday
2015-04-07 00:00:00	15.5128	3.9365	4	1	1	Day
2015-04-08 00:00:00	17.6909	3.44425	4	2	1	Day
2015-04-09 00:00:00	20.335750000000004	4.82055	4	3	1	Day
2015-04-10 00:00:00	19.4485	6.996950000000001	4	4	1	Day
2015-04-11 00:00:00	15.27975	8.137575	4	5	0	Day
2015-04-12 00:00:00	19.541500000000003	6.5035	4	6	0	Day
2015-04-13 00:00:00	21.3559	7.723249999999999	4	0	1	Day
2015-04-14 00:00:00	24.306449999999998	8.8565	4	1	1	Day
2015-04-15 00:00:00	25.15655	9.658850000000001	4	2	1	Day
2015-04-16 00:00:00	20.031200000000005	11.89515	4	3	1	Day
2015-04-17 00:00:00	16.65475	10.662200000000002	4	4	1	Day
2015-04-18 00:00:00	16.8439	8.995800000000003	4	5	0	Day
2015-04-19 00:00:00	15.560949999999998	7.243099999999999	4	6	0	Day
2015-04-20 00:00:00	19.486150000000002	7.056450000000001	4	0	1	Day
2015-04-21 00:00:00	21.6341	7.720899999999999	4	1	1	Day
2015-04-22 00:00:00	20.9772	8.61065	4	2	1	Day
2015-04-23 00:00:00	20.08015	8.75275	4	3	1	Day
2015-04-24 00:00:00	19.48905	8.725499999999998	4	4	1	Day
2015-04-25 00:00:00	17.587899999999998	12.123775	4	5	0	Day
2015-04-26 00:00:00	16.542800000000003	11.3101	4	6	0	Day
2015-04-27 00:00:00	13.97145	7.7074750000000005	4	0	1	Day
2015-04-28 00:00:00	13.6339	6.0433	4	1	1	Day
2015-04-29 00:00:00	15.413199999999998	4.9452	4	2	1	Day
2015-04-30 00:00:00	14.749600000000001	7.7056000000000004	4	3	1	Day
2015-05-01 00:00:00	13.736400000000001	10.789950000000001	5	4	1	Holiday
2015-05-02 00:00:00	16.32995	11.09075	5	5	0	Day
2015-05-03 00:00:00	19.439600000000002	13.845250000000002	5	6	0	Day
2015-05-04 00:00:00	19.49775	13.082900000000002	5	0	1	Day
2015-05-05 00:00:00	18.111600000000003	11.5799	5	1	1	Day
2015-05-06 00:00:00	17.689999999999998	9.666725	5	2	1	Day
2015-05-07 00:00:00	18.12235	7.754550000000001	5	3	1	Day
2015-05-08 00:00:00	18.65755	10.6698	5	4	1	Holiday
2015-05-09 00:00:00	19.92835	12.774750000000001	5	5	0	Day
2015-05-10 00:00:00	23.5504	10.7377	5	6	0	Day
2015-05-11 00:00:00	25.395100000000003	12.364550000000001	5	0	1	Day
2015-05-12 00:00:00	22.46355	12.815974999999998	5	1	1	Day
2015-05-13 00:00:00	22.35225	11.49495	5	2	1	Day
2015-05-14 00:00:00	17.7833	10.494275000000002	5	3	1	Holiday
2015-05-15 00:00:00	14.536700000000002	9.5147	5	4	1	Day
2015-05-16 00:00:00	17.894	9.369150000000001	5	5	0	Day
2015-05-17 00:00:00	19.961550000000003	9.99095	5	6	0	Day
2015-05-18 00:00:00	20.10915	8.87785	5	0	1	Day
2015-05-19 00:00:00	14.86455	8.992700000000001	5	1	1	Day
2015-05-20 00:00:00	14.58125	7.722	5	2	1	Day
2015-05-21 00:00:00	16.73025	6.72135	5	3	1	Day
2015-05-22 00:00:00	18.589450000000003	7.778050000000001	5	4	1	Day
2015-05-23 00:00:00	19.750300000000003	11.29455	5	5	0	Day
2015-05-24 00:00:00	20.588300000000004	11.27355	5	6	0	Day
2015-05-25 00:00:00	19.239800000000002	12.71255	5	0	1	Holiday
2015-05-26 00:00:00	18.0438	11.254024999999999	5	1	1	Day
2015-05-27 00:00:00	20.73785	9.4969	5	2	1	Day
2015-05-28 00:00:00	21.078550000000003	10.608149999999998	5	3	1	Day
2015-05-29 00:00:00	19.48885	10.99575	5	4	1	Day
2015-05-30 00:00:00	19.567949999999996	11.396249999999998	5	5	0	Day
2015-05-31 00:00:00	19.997100000000003	12.381500000000003	5	6	0	Day
2015-06-01 00:00:00	19.1644	10.952449999999999	6	0	1	Day
2015-06-02 00:00:00	23.5628	13.0756	6	1	1	Day
2015-06-03 00:00:00	23.14785	14.424999999999999	6	2	1	Day
2015-06-04 00:00:00	27.9499	12.71025	6	3	1	Day
2015-06-05 00:00:00	29.485349999999997	16.552775	6	4	1	Day
2015-06-06 00:00:00	24.403850000000006	14.3922	6	5	0	Day
2015-06-07 00:00:00	24.076749999999997	13.6042	6	6	0	Day
2015-06-08 00:00:00	23.1222	13.647900000000002	6	0	1	Day
2015-06-09 00:00:00	20.900000000000002	12.818450000000002	6	1	1	Day
2015-06-10 00:00:00	21.721700000000002	13.2227	6	2	1	Day
2015-06-11 00:00:00	26.971600000000002	15.6892	6	3	1	Day
2015-06-12 00:00:00	22.65795	15.319900000000002	6	4	1	Day
2015-06-13 00:00:00	23.494549999999997	14.387700000000002	6	5	0	Day
2015-06-14 00:00:00	21.457900000000002	14.860999999999999	6	6	0	Day
2015-06-15 00:00:00	20.632050000000003	14.659374999999999	6	0	1	Day
2015-06-16 00:00:00	20.48335	13.68325	6	1	1	Day
2015-06-17 00:00:00	23.179550000000003	12.328850000000003	6	2	1	Day
2015-06-18 00:00:00	21.511150000000008	14.991275	6	3	1	Day
2015-06-19 00:00:00	22.1179	13.54295	6	4	1	Day
2015-06-20 00:00:00	22.6001	12.886600000000001	6	5	0	Day
2015-06-21 00:00:00	23.766350000000003	14.762799999999999	6	6	0	Day
2015-06-22 00:00:00	22.742500000000003	13.3358	6	0	1	Day
2015-06-23 00:00:00	21.1187	12.573899999999998	6	1	1	Day
2015-06-24 00:00:00	24.380799999999997	10.886000000000001	6	2	1	Day
2015-06-25 00:00:00	26.8392	13.148299999999999	6	3	1	Day
2015-06-26 00:00:00	28.72395	14.9244	6	4	1	Day
2015-06-27 00:00:00	25.2169	16.039425	6	5	0	Day
2015-06-28 00:00:00	28.179300000000005	13.9651	6	6	0	Day
2015-06-29 00:00:00	28.631	16.23385	6	0	1	Day
2015-06-30 00:00:00	32.783049999999996	17.160100000000003	6	1	1	Day
2015-07-01 00:00:00	32.998	20.222	7	2	1	Day
2015-07-02 00:00:00	29.684150000000002	19.731250000000003	7	3	1	Day
2015-07-03 00:00:00	33.24665	18.565600000000003	7	4	1	Day
2015-07-04 00:00:00	30.354650000000003	20.55865	7	5	0	Day
2015-07-05 00:00:00	27.495250000000002	18.368275000000004	7	6	0	Day
2015-07-06 00:00:00	29.938750000000002	16.937450000000002	7	0	1	Day
2015-07-07 00:00:00	27.34785	18.27505	7	1	1	Day
2015-07-08 00:00:00	21.897100000000002	16.204025	7	2	1	Day
2015-07-09 00:00:00	24.1949	14.70025	7	3	1	Day
2015-07-10 00:00:00	29.63405	13.40335	7	4	1	Day
2015-07-11 00:00:00	27.2928	17.1742	7	5	0	Day
2015-07-12 00:00:00	25.115500000000004	15.985149999999999	7	6	0	Day
2015-07-13 00:00:00	26.237400000000004	17.5308	7	0	1	Day
2015-07-14 00:00:00	26.643650000000004	17.441450000000003	7	1	1	Holiday
2015-07-15 00:00:00	29.93275	17.079399999999996	7	2	1	Day
2015-07-16 00:00:00	32.5433	18.446149999999996	7	3	1	Day
2015-07-17 00:00:00	29.178700000000003	19.695999999999994	7	4	1	Day
2015-07-18 00:00:00	28.52935	18.1734	7	5	0	Day
2015-07-19 00:00:00	26.839000000000006	18.19135	7	6	0	Day
2015-07-20 00:00:00	27.72065	19.48375	7	0	1	Day
2015-07-21 00:00:00	29.4432	19.502050000000004	7	1	1	Day
2015-07-22 00:00:00	26.739449999999998	18.576375000000002	7	2	1	Day
2015-07-23 00:00:00	26.069499999999998	16.92565	7	3	1	Day
2015-07-24 00:00:00	26.974650000000004	16.90935	7	4	1	Day
2015-07-25 00:00:00	22.69235	14.148875	7	5	0	Day
2015-07-26 00:00:00	21.114849999999997	12.7095	7	6	0	Day
2015-07-27 00:00:00	23.5072	16.613449999999997	7	0	1	Day
2015-07-28 00:00:00	20.946099999999998	15.128225	7	1	1	Day
2015-07-29 00:00:00	21.5397	13.94175	7	2	1	Day
2015-07-30 00:00:00	21.320050000000005	12.407350000000003	7	3	1	Day
2015-07-31 00:00:00	22.7891	11.4242	7	4	1	Day
2015-08-01 00:00:00	23.8899	14.2757	8	5	0	Day
2015-08-02 00:00:00	29.20335	12.923350000000001	8	6	0	Day
2015-08-03 00:00:00	31.19845	17.1851	8	0	1	Day
2015-08-04 00:00:00	24.830050000000004	16.954649999999997	8	1	1	Day
2015-08-05 00:00:00	29.8022	15.298599999999999	8	2	1	Day
2015-08-06 00:00:00	29.561550000000004	18.6002	8	3	1	Day
2015-08-07 00:00:00	29.688350000000003	17.5123	8	4	1	Day
2015-08-08 00:00:00	25.03585	17.771400000000003	8	5	0	Day
2015-08-09 00:00:00	23.796399999999995	17.55245	8	6	0	Day
2015-08-10 00:00:00	26.006900000000005	16.2863	8	0	1	Day
2015-08-11 00:00:00	27.727200000000003	17.60365	8	1	1	Day
2015-08-12 00:00:00	31.3229	19.231900000000003	8	2	1	Day
2015-08-13 00:00:00	25.971850000000007	18.178749999999997	8	3	1	Day
2015-08-14 00:00:00	22.27695	16.46075	8	4	1	Day
2015-08-15 00:00:00	20.495949999999997	14.0257	8	5	0	Holiday
2015-08-16 00:00:00	21.21215	12.67395	8	6	0	Day
2015-08-17 00:00:00	21.856600000000004	13.7622	8	0	1	Day
2015-08-18 00:00:00	22.128249999999998	13.623700000000001	8	1	1	Day
2015-08-19 00:00:00	23.656350000000003	13.198450000000001	8	2	1	Day
2015-08-20 00:00:00	24.9633	14.7917	8	3	1	Day
2015-08-21 00:00:00	28.559300000000007	15.33865	8	4	1	Day
2015-08-22 00:00:00	28.949849999999998	16.06385	8	5	0	Day
2015-08-23 00:00:00	21.320249999999998	16.770875	8	6	0	Day
2015-08-24 00:00:00	20.158150000000003	14.122625	8	0	1	Day
2015-08-25 00:00:00	21.798700000000004	12.377000000000002	8	1	1	Day
2015-08-26 00:00:00	26.8717	15.0277	8	2	1	Day
2015-08-27 00:00:00	21.931900000000002	16.411800000000003	8	3	1	Day
2015-08-28 00:00:00	25.050700000000003	16.09085	8	4	1	Day
2015-08-29 00:00:00	29.7681	16.3234	8	5	0	Day
2015-08-30 00:00:00	30.795600000000004	18.934050000000003	8	6	0	Day
2015-08-31 00:00:00	27.063249999999996	18.32085	8	0	1	Day
2015-09-01 00:00:00	21.365350000000003	14.33605	9	1	1	Day
2015-09-02 00:00:00	20.849849999999996	12.48775	9	2	1	Day
2015-09-03 00:00:00	19.7669	11.985399999999998	9	3	1	Day
2015-09-04 00:00:00	18.773000000000003	11.558450000000002	9	4	1	Day
2015-09-05 00:00:00	18.9559	12.086749999999999	9	5	0	Day
2015-09-06 00:00:00	19.115	10.63805	9	6	0	Day
2015-09-07 00:00:00	20.3222	9.115	9	0	1	Day
2015-09-08 00:00:00	20.94435	11.1153	9	1	1	Day
2015-09-09 00:00:00	23.861900000000006	10.941999999999998	9	2	1	Day
2015-09-10 00:00:00	23.588700000000003	12.0365	9	3	1	Day
2015-09-11 00:00:00	23.2463	11.4374	9	4	1	Day
2015-09-12 00:00:00	20.026500000000002	14.794975	9	5	0	Day
2015-09-13 00:00:00	19.70855	13.984700000000002	9	6	0	Day
2015-09-14 00:00:00	18.255	12.619675	9	0	1	Day
2015-09-15 00:00:00	18.494250000000005	11.971250000000001	9	1	1	Day
2015-09-16 00:00:00	20.71135	16.76345	9	2	1	Day
2015-09-17 00:00:00	18.6706	12.799425000000003	9	3	1	Day
2015-09-18 00:00:00	18.673399999999997	12.058699999999998	9	4	1	Day
2015-09-19 00:00:00	19.178050000000002	11.974900000000002	9	5	0	Day
2015-09-20 00:00:00	19.627550000000003	10.124000000000002	9	6	0	Day
2015-09-21 00:00:00	19.83955	9.101750000000001	9	0	1	Day
2015-09-22 00:00:00	16.856400000000004	11.4351	9	1	1	Day
2015-09-23 00:00:00	17.17685	9.979149999999999	9	2	1	Day
2015-09-24 00:00:00	18.5249	9.892799999999998	9	3	1	Day
2015-09-25 00:00:00	19.3018	10.896700000000003	9	4	1	Day
2015-09-26 00:00:00	18.925850000000004	9.9585	9	5	0	Day
2015-09-27 00:00:00	19.97435	9.536349999999999	9	6	0	Day
2015-09-28 00:00:00	19.61985	9.84405	9	0	1	Day
2015-09-29 00:00:00	18.8378	9.6059	9	1	1	Day
2015-09-30 00:00:00	19.20475	9.27275	9	2	1	Day
2015-10-01 00:00:00	17.59155	8.4139	10	3	1	Day
2015-10-02 00:00:00	18.152050000000003	8.1492	10	4	1	Day
2015-10-03 00:00:00	17.970750000000002	10.51295	10	5	0	Day
2015-10-04 00:00:00	16.1583	9.2336	10	6	0	Day
2015-10-05 00:00:00	18.80935	13.49285	10	0	1	Day
2015-10-06 00:00:00	19.6406	13.957699999999999	10	1	1	Day
2015-10-07 00:00:00	16.8158	11.363824999999999	10	2	1	Day
2015-10-08 00:00:00	16.8353	10.18035	10	3	1	Day
2015-10-09 00:00:00	17.215249999999997	8.28495	10	4	1	Day
2015-10-10 00:00:00	17.527350000000006	8.77195	10	5	0	Day
2015-10-11 00:00:00	16.9738	9.442299999999998	10	6	0	Day
2015-10-12 00:00:00	15.255800000000002	9.19095	10	0	1	Day
2015-10-13 00:00:00	12.920750000000002	6.707974999999999	10	1	1	Day
2015-10-14 00:00:00	10.37785	5.356299999999999	10	2	1	Day
2015-10-15 00:00:00	9.464099999999998	4.9041	10	3	1	Day
2015-10-16 00:00:00	10.695500000000001	4.74995	10	4	1	Day
2015-10-17 00:00:00	13.243500000000001	6.37135	10	5	0	Day
2015-10-18 00:00:00	13.088150000000002	7.714675000000001	10	6	0	Day
2015-10-19 00:00:00	14.168100000000003	6.99205	10	0	1	Day
2015-10-20 00:00:00	13.393400000000003	8.375625	10	1	1	Day
2015-10-21 00:00:00	13.5786	7.1881	10	2	1	Day
2015-10-22 00:00:00	14.248099999999999	9.583200000000001	10	3	1	Day
2015-10-23 00:00:00	15.419299999999998	9.752675	10	4	1	Day
2015-10-24 00:00:00	16.80315	8.79915	10	5	0	Day
2015-10-25 00:00:00	15.959999999999999	9.498125	10	6	0	Day
2015-10-26 00:00:00	17.1331	9.225050000000001	10	0	1	Day
2015-10-27 00:00:00	18.121100000000002	11.8843	10	1	1	Day
2015-10-28 00:00:00	14.583250000000001	9.4634	10	2	1	Day
2015-10-29 00:00:00	15.8181	9.164200000000001	10	3	1	Day
2015-10-30 00:00:00	17.766799999999996	8.952000000000002	10	4	1	Day
2015-10-31 00:00:00	19.0075	8.42915	10	5	0	Day
2015-11-01 00:00:00	18.885849999999998	7.544950000000001	11	6	0	Holiday
2015-11-02 00:00:00	15.326449999999996	7.791150000000001	11	0	1	Day
2015-11-03 00:00:00	15.59665	10.95795	11	1	1	Day
2015-11-04 00:00:00	16.81095	11.618275	11	2	1	Day
2015-11-05 00:00:00	17.74705	10.803550000000001	11	3	1	Day
2015-11-06 00:00:00	18.65475	13.026800000000001	11	4	1	Day
2015-11-07 00:00:00	20.63625	12.085975	11	5	0	Day
2015-11-08 00:00:00	20.421550000000003	11.76185	11	6	0	Day
2015-11-09 00:00:00	17.83405	11.24335	11	0	1	Day
2015-11-10 00:00:00	16.25435	9.694975000000003	11	1	1	Day
2015-11-11 00:00:00	15.424700000000001	8.98455	11	2	1	Holiday
2015-11-12 00:00:00	14.897350000000003	8.8657	11	3	1	Day
2015-11-13 00:00:00	14.551400000000001	8.67535	11	4	1	Day
2015-11-14 00:00:00	13.71325	7.2812	11	5	0	Day
2015-11-15 00:00:00	16.6858	9.731274999999998	11	6	0	Day
2015-11-16 00:00:00	15.27065	9.66935	11	0	1	Day
2015-11-17 00:00:00	16.385500000000004	11.279499999999999	11	1	1	Day
2015-11-18 00:00:00	16.954849999999997	11.65785	11	2	1	Day
2015-11-19 00:00:00	16.14395	11.851249999999999	11	3	1	Day
2015-11-20 00:00:00	13.730000000000002	8.764475	11	4	1	Day
2015-11-21 00:00:00	8.606250000000001	3.4990749999999995	11	5	0	Day
2015-11-22 00:00:00	6.73015	2.04515	11	6	0	Day
2015-11-23 00:00:00	6.464600000000002	0.5927749999999999	11	0	1	Day
2015-11-24 00:00:00	6.57065	0.37495	11	1	1	Day
2015-11-25 00:00:00	9.7057	6.481	11	2	1	Day
2015-11-26 00:00:00	9.367500000000001	3.5486500000000007	11	3	1	Day
2015-11-27 00:00:00	7.213400000000001	2.7233000000000005	11	4	1	Day
2015-11-28 00:00:00	9.3441	4.06705	11	5	0	Day
2015-11-29 00:00:00	12.15695	7.20585	11	6	0	Day
2015-11-30 00:00:00	13.026200000000001	8.8021	11	0	1	Day
2015-12-01 00:00:00	13.11245	7.284924999999999	12	1	1	Day
2015-12-02 00:00:00	11.88975	5.692050000000001	12	2	1	Day
2015-12-03 00:00:00	11.104000000000001	4.9856	12	3	1	Day
2015-12-04 00:00:00	11.4974	5.3067	12	4	1	Day
2015-12-05 00:00:00	10.1619	4.67145	12	5	0	Day
2015-12-06 00:00:00	13.1195	7.7341	12	6	0	Day
2015-12-07 00:00:00	14.481000000000002	7.885275000000001	12	0	1	Day
2015-12-08 00:00:00	12.506399999999998	7.376550000000001	12	1	1	Day
2015-12-09 00:00:00	11.048650000000002	3.6247249999999998	12	2	1	Day
2015-12-10 00:00:00	8.12565	2.8169000000000004	12	3	1	Day
2015-12-11 00:00:00	11.104099999999999	3.3390499999999994	12	4	1	Day
2015-12-12 00:00:00	11.587649999999998	5.454275000000001	12	5	0	Day
2015-12-13 00:00:00	9.2653	4.5699	12	6	0	Day
2015-12-14 00:00:00	10.50425	4.07685	12	0	1	Day
2015-12-15 00:00:00	12.1242	7.409050000000001	12	1	1	Day
2015-12-16 00:00:00	14.4582	9.684449999999998	12	2	1	Day
2015-12-17 00:00:00	14.8835	9.2773	12	3	1	Day
2015-12-18 00:00:00	13.7046	9.533675000000002	12	4	1	Day
2015-12-19 00:00:00	14.75875	9.0449	12	5	0	Day
2015-12-20 00:00:00	13.904449999999999	10.22775	12	6	0	Day
2015-12-21 00:00:00	13.09775	9.32725	12	0	1	Day
2015-12-22 00:00:00	13.705800000000002	9.105199999999998	12	1	1	Day
2015-12-23 00:00:00	13.046499999999998	8.84	12	2	1	Day
2015-12-24 00:00:00	13.3542	8.612074999999999	12	3	1	Day
2015-12-25 00:00:00	14.43235	8.235100000000001	12	4	1	Holiday
2015-12-26 00:00:00	13.616	7.37525	12	5	0	Day
2015-12-27 00:00:00	13.048850000000002	6.7852	12	6	0	Day
2015-12-28 00:00:00	12.180650000000002	6.451	12	0	1	Day
2015-12-29 00:00:00	11.837750000000002	6.4371	12	1	1	Day
2015-12-30 00:00:00	11.8174	5.93805	12	2	1	Day
2015-12-31 00:00:00	10.87395	5.804875	12	3	1	Day
2016-01-01 00:00:00	9.06335	4.91525	1	4	1	Holiday
2016-01-02 00:00:00	9.92765	6.615700000000001	1	5	0	Day
2016-01-03 00:00:00	8.488000000000001	6.0448	1	6	0	Day
2016-01-04 00:00:00	10.0814	6.46525	1	0	1	Day
2016-01-05 00:00:00	9.0696	6.128825000000001	1	1	1	Day
2016-01-06 00:00:00	9.0188	5.718000000000001	1	2	1	Day
2016-01-07 00:00:00	10.69355	5.826425	1	3	1	Day
2016-01-08 00:00:00	9.8589	5.1713000000000005	1	4	1	Day
2016-01-09 00:00:00	11.2327	7.148550000000002	1	5	0	Day
2016-01-10 00:00:00	9.35655	6.456050000000001	1	6	0	Day
2016-01-11 00:00:00	9.5087	6.7635	1	0	1	Day
2016-01-12 00:00:00	8.626000000000001	4.737125	1	1	1	Day
2016-01-13 00:00:00	8.027	3.0655	1	2	1	Day
2016-01-14 00:00:00	7.02665	2.6667250000000005	1	3	1	Day
2016-01-15 00:00:00	5.56885	1.3024250000000002	1	4	1	Day
2016-01-16 00:00:00	5.59375	0.82115	1	5	0	Day
2016-01-17 00:00:00	5.082300000000001	0.03050000000000018	1	6	0	Day
2016-01-18 00:00:00	2.2700500000000003	-0.31515000000000004	1	0	1	Day
2016-01-19 00:00:00	3.9518	0.8035500000000001	1	1	1	Day
2016-01-20 00:00:00	4.2683	-0.10920000000000017	1	2	1	Day
2016-01-21 00:00:00	5.1094	-0.63775	1	3	1	Day
2016-01-22 00:00:00	7.38415	0.7058500000000001	1	4	1	Day
2016-01-23 00:00:00	9.655800000000001	5.2913250000000005	1	5	0	Day
2016-01-24 00:00:00	11.939000000000002	4.929849999999999	1	6	0	Day
2016-01-25 00:00:00	13.411850000000001	5.36845	1	0	1	Day
2016-01-26 00:00:00	12.671	6.960699999999999	1	1	1	Day
2016-01-27 00:00:00	12.566849999999999	8.490350000000001	1	2	1	Day
2016-01-28 00:00:00	10.86615	6.0790999999999995	1	3	1	Day
2016-01-29 00:00:00	10.6251	5.7444500000000005	1	4	1	Day
2016-01-30 00:00:00	10.373750000000001	6.508700000000001	1	5	0	Day
2016-01-31 00:00:00	12.742949999999999	8.24325	1	6	0	Day
2016-02-01 00:00:00	13.20725	10.032775	2	0	1	Day
2016-02-02 00:00:00	12.105649999999999	7.735575	2	1	1	Day
2016-02-03 00:00:00	9.0155	4.31585	2	2	1	Day
2016-02-04 00:00:00	9.9176	4.28835	2	3	1	Day
2016-02-05 00:00:00	11.649	7.0001999999999995	2	4	1	Day
2016-02-06 00:00:00	13.6157	6.9475999999999996	2	5	0	Day
2016-02-07 00:00:00	9.399149999999999	7.1288	2	6	0	Day
2016-02-08 00:00:00	11.5187	7.882550000000001	2	0	1	Day
2016-02-09 00:00:00	10.77095	4.0802499999999995	2	1	1	Day
2016-02-10 00:00:00	7.6429	3.1992000000000007	2	2	1	Day
2016-02-11 00:00:00	7.699650000000001	2.42185	2	3	1	Day
2016-02-12 00:00:00	7.210699999999999	3.54975	2	4	1	Day
2016-02-13 00:00:00	10.1942	5.3266	2	5	0	Day
2016-02-14 00:00:00	8.46525	3.8659749999999997	2	6	0	Day
2016-02-15 00:00:00	6.42095	1.693025	2	0	1	Day
2016-02-16 00:00:00	6.4914	0.16042499999999987	2	1	1	Day
2016-02-17 00:00:00	5.37025	-0.7555999999999999	2	2	1	Day
2016-02-18 00:00:00	6.1739999999999995	0.8269500000000002	2	3	1	Day
2016-02-19 00:00:00	8.998199999999999	1.4268000000000003	2	4	1	Day
2016-02-20 00:00:00	11.60555	4.817850000000001	2	5	0	Day
2016-02-21 00:00:00	13.7324	8.3572	2	6	0	Day
2016-02-22 00:00:00	11.680299999999997	8.21145	2	0	1	Day
2016-02-23 00:00:00	9.9743	4.7022	2	1	1	Day
2016-02-24 00:00:00	9.3358	3.9389499999999997	2	2	1	Day
2016-02-25 00:00:00	8.219800000000001	2.3086	2	3	1	Day
2016-02-26 00:00:00	7.93895	1.3703000000000003	2	4	1	Day
2016-02-27 00:00:00	8.05345	2.4665	2	5	0	Day
2016-02-28 00:00:00	7.6865499999999995	2.6438500000000005	2	6	0	Day
2016-02-29 00:00:00	7.748150000000002	2.31585	2	0	1	Day
2016-03-01 00:00:00	9.11115	2.0381500000000004	3	1	1	Day
2016-03-02 00:00:00	10.18865	5.46365	3	2	1	Day
2016-03-03 00:00:00	8.55975	4.906	3	3	1	Day
2016-03-04 00:00:00	8.958950000000002	4.710175	3	4	1	Day
2016-03-05 00:00:00	7.8207	2.8733000000000004	3	5	0	Day
2016-03-06 00:00:00	7.539249999999999	2.22195	3	6	0	Day
2016-03-07 00:00:00	6.973800000000001	1.73205	3	0	1	Day
2016-03-08 00:00:00	7.83475	1.0781000000000003	3	1	1	Day
2016-03-09 00:00:00	8.178	3.78115	3	2	1	Day
2016-03-10 00:00:00	9.909749999999999	3.4710999999999994	3	3	1	Day
2016-03-11 00:00:00	10.61725	3.5121500000000005	3	4	1	Day
2016-03-12 00:00:00	11.5028	2.3475500000000005	3	5	0	Day
2016-03-13 00:00:00	10.7218	2.14855	3	6	0	Day
2016-03-14 00:00:00	10.973250000000002	2.8301999999999996	3	0	1	Day
2016-03-15 00:00:00	12.368600000000002	1.88545	3	1	1	Day
2016-03-16 00:00:00	7.107900000000001	3.865175	3	2	1	Day
2016-03-17 00:00:00	11.5208	2.8286000000000002	3	3	1	Day
2016-03-18 00:00:00	12.641350000000003	1.8483	3	4	1	Day
2016-03-19 00:00:00	11.297250000000002	3.3645499999999995	3	5	0	Day
2016-03-20 00:00:00	10.0511	4.782150000000001	3	6	0	Day
2016-03-21 00:00:00	11.551600000000002	4.3586	3	0	1	Day
2016-03-22 00:00:00	13.098349999999998	4.30315	3	1	1	Day
2016-03-23 00:00:00	11.705850000000002	4.504849999999999	3	2	1	Day
2016-03-24 00:00:00	12.159300000000002	4.8059	3	3	1	Day
2016-03-25 00:00:00	12.469249999999999	6.891650000000001	3	4	1	Day
2016-03-26 00:00:00	16.028149999999997	7.079350000000001	3	5	0	Day
2016-03-27 00:00:00	11.934699999999998	7.302950000000001	3	6	0	Day
2016-03-28 00:00:00	13.424050000000001	7.596949999999999	3	0	1	Holiday
2016-03-29 00:00:00	14.094100000000001	6.845400000000001	3	1	1	Day
2016-03-30 00:00:00	13.6748	8.6586	3	2	1	Day
2016-03-31 00:00:00	11.296150000000003	6.2703750000000005	3	3	1	Day
2016-04-01 00:00:00	11.352900000000002	5.104	4	4	1	Day
2016-04-02 00:00:00	12.763450000000002	4.984350000000001	4	5	0	Day
2016-04-03 00:00:00	17.664649999999998	9.85585	4	6	0	Day
2016-04-04 00:00:00	15.08975	9.584400000000002	4	0	1	Day
2016-04-05 00:00:00	14.301649999999999	8.6312	4	1	1	Day
2016-04-06 00:00:00	14.478750000000003	7.7688500000000005	4	2	1	Day
2016-04-07 00:00:00	12.2406	5.7636	4	3	1	Day
2016-04-08 00:00:00	11.78675	5.0353	4	4	1	Day
2016-04-09 00:00:00	12.175149999999999	5.1284	4	5	0	Day
2016-04-10 00:00:00	17.6625	4.32295	4	6	0	Day
2016-04-11 00:00:00	15.443200000000001	7.7913	4	0	1	Day
2016-04-12 00:00:00	17.210250000000002	7.1721	4	1	1	Day
2016-04-13 00:00:00	15.6049	8.022250000000001	4	2	1	Day
2016-04-14 00:00:00	13.010250000000001	6.6126000000000005	4	3	1	Day
2016-04-15 00:00:00	15.818800000000001	9.91285	4	4	1	Day
2016-04-16 00:00:00	15.09375	8.135175	4	5	0	Day
2016-04-17 00:00:00	12.037500000000001	5.107800000000001	4	6	0	Day
2016-04-18 00:00:00	13.36885	4.00185	4	0	1	Day
2016-04-19 00:00:00	17.0956	3.924	4	1	1	Day
2016-04-20 00:00:00	19.125449999999997	7.2904	4	2	1	Day
2016-04-21 00:00:00	18.3073	10.617500000000001	4	3	1	Day
2016-04-22 00:00:00	16.243150000000004	10.817299999999998	4	4	1	Day
2016-04-23 00:00:00	12.263550000000002	5.754475	4	5	0	Day
2016-04-24 00:00:00	10.14105	4.467225	4	6	0	Day
2016-04-25 00:00:00	11.679	4.0253000000000005	4	0	1	Day
2016-04-26 00:00:00	10.49235	4.056274999999999	4	1	1	Day
2016-04-27 00:00:00	11.36455	3.37305	4	2	1	Day
2016-04-28 00:00:00	12.900700000000002	3.0436000000000005	4	3	1	Day
2016-04-29 00:00:00	14.16025	4.56445	4	4	1	Day
2016-04-30 00:00:00	10.832849999999999	4.919175	4	5	0	Day
2016-05-01 00:00:00	13.471849999999998	3.9630500000000004	5	6	0	Holiday
2016-05-02 00:00:00	17.25375	5.942150000000001	5	0	1	Day
2016-05-03 00:00:00	16.097199999999997	7.101825	5	1	1	Day
2016-05-04 00:00:00	19.1065	5.7555000000000005	5	2	1	Day
2016-05-05 00:00:00	21.295599999999997	7.364299999999999	5	3	1	Holiday
2016-05-06 00:00:00	22.158700000000003	9.75175	5	4	1	Day
2016-05-07 00:00:00	21.8406	12.065950000000003	5	5	0	Day
2016-05-08 00:00:00	21.75775	12.548000000000002	5	6	0	Holiday
2016-05-09 00:00:00	18.933649999999997	14.238749999999998	5	0	1	Day
2016-05-10 00:00:00	19.5676	13.36625	5	1	1	Day
2016-05-11 00:00:00	16.82655	11.979975	5	2	1	Day
2016-05-12 00:00:00	16.7762	11.652199999999999	5	3	1	Day
2016-05-13 00:00:00	17.591600000000003	11.597024999999999	5	4	1	Day
2016-05-14 00:00:00	14.710650000000001	8.120175	5	5	0	Day
2016-05-15 00:00:00	15.62605	7.1427	5	6	0	Day
2016-05-16 00:00:00	16.6771	7.958850000000001	5	0	1	Holiday
2016-05-17 00:00:00	18.073600000000003	8.16205	5	1	1	Day
2016-05-18 00:00:00	17.192700000000002	10.341849999999999	5	2	1	Day
2016-05-19 00:00:00	16.2256	10.1518	5	3	1	Day
2016-05-20 00:00:00	19.918599999999998	10.7192	5	4	1	Day
2016-05-21 00:00:00	24.079949999999997	11.400900000000002	5	5	0	Day
2016-05-22 00:00:00	16.69455	9.992025	5	6	0	Day
2016-05-23 00:00:00	15.469750000000001	8.977974999999999	5	0	1	Day
2016-05-24 00:00:00	16.92425	8.9299	5	1	1	Day
2016-05-25 00:00:00	19.629949999999997	9.214600000000003	5	2	1	Day
2016-05-26 00:00:00	20.9398	11.378150000000002	5	3	1	Day
2016-05-27 00:00:00	23.459349999999997	13.143799999999999	5	4	1	Day
2016-05-28 00:00:00	21.793750000000003	14.154300000000001	5	5	0	Day
2016-05-29 00:00:00	17.7727	13.692775	5	6	0	Day
2016-05-30 00:00:00	16.6446	12.917125000000002	5	0	1	Day
2016-05-31 00:00:00	16.145750000000003	12.60415	5	1	1	Day
2016-06-01 00:00:00	17.04775	12.768550000000001	6	2	1	Day
2016-06-02 00:00:00	16.084400000000002	12.824150000000001	6	3	1	Day
2016-06-03 00:00:00	17.14565	12.56285	6	4	1	Day
2016-06-04 00:00:00	18.4429	13.162299999999998	6	5	0	Day
2016-06-05 00:00:00	20.723750000000006	13.899199999999999	6	6	0	Day
2016-06-06 00:00:00	24.182349999999996	14.059599999999998	6	0	1	Day
2016-06-07 00:00:00	24.4441	15.544550000000001	6	1	1	Day
2016-06-08 00:00:00	23.981550000000002	14.935450000000001	6	2	1	Day
2016-06-09 00:00:00	24.373050000000003	14.475550000000002	6	3	1	Day
2016-06-10 00:00:00	22.33365	14.528850000000002	6	4	1	Day
2016-06-11 00:00:00	20.643049999999995	15.215574999999998	6	5	0	Day
2016-06-12 00:00:00	19.6513	14.48465	6	6	0	Day
2016-06-13 00:00:00	18.91045	14.588450000000002	6	0	1	Day
2016-06-14 00:00:00	18.5629	13.088175000000001	6	1	1	Day
2016-06-15 00:00:00	19.515300000000003	12.4108	6	2	1	Day
2016-06-16 00:00:00	17.97195	12.367550000000001	6	3	1	Day
2016-06-17 00:00:00	19.107649999999996	12.23395	6	4	1	Day
2016-06-18 00:00:00	18.03885	12.5564	6	5	0	Day
2016-06-19 00:00:00	19.6841	12.780150000000003	6	6	0	Day
2016-06-20 00:00:00	19.75085	13.31735	6	0	1	Day
2016-06-21 00:00:00	23.283649999999998	16.004900000000003	6	1	1	Day
2016-06-22 00:00:00	28.093899999999998	16.96715	6	2	1	Day
2016-06-23 00:00:00	29.39225	18.651175	6	3	1	Day
2016-06-24 00:00:00	25.1582	16.86335	6	4	1	Day
2016-06-25 00:00:00	21.80605	14.405075	6	5	0	Day
2016-06-26 00:00:00	21.427300000000002	13.336100000000002	6	6	0	Day
2016-06-27 00:00:00	22.04305	14.4864	6	0	1	Day
2016-06-28 00:00:00	23.136549999999996	14.834249999999999	6	1	1	Day
2016-06-29 00:00:00	22.688900000000004	14.835049999999997	6	2	1	Day
2016-06-30 00:00:00	23.154249999999994	16.524	6	3	1	Day
2016-07-01 00:00:00	22.897199999999998	16.26015	7	4	1	Day
2016-07-02 00:00:00	20.670050000000003	14.1898	7	5	0	Day
2016-07-03 00:00:00	20.996349999999993	13.627100000000002	7	6	0	Day
2016-07-04 00:00:00	23.45645	15.139449999999998	7	0	1	Day
2016-07-05 00:00:00	23.5481	15.294450000000001	7	1	1	Day
2016-07-06 00:00:00	25.043849999999996	14.17515	7	2	1	Day
2016-07-07 00:00:00	27.584800000000005	13.7764	7	3	1	Day
2016-07-08 00:00:00	26.9645	16.251900000000003	7	4	1	Day
2016-07-09 00:00:00	27.849350000000005	17.07745	7	5	0	Day
2016-07-10 00:00:00	28.5992	17.39515	7	6	0	Day
2016-07-11 00:00:00	23.420699999999997	16.883074999999998	7	0	1	Day
2016-07-12 00:00:00	20.857	14.186225	7	1	1	Day
2016-07-13 00:00:00	19.388749999999998	12.6697	7	2	1	Day
2016-07-14 00:00:00	19.485249999999997	12.03745	7	3	1	Holiday
2016-07-15 00:00:00	22.5816	11.1072	7	4	1	Day
2016-07-16 00:00:00	25.793999999999997	13.19485	7	5	0	Day
2016-07-17 00:00:00	28.51685	15.094599999999998	7	6	0	Day
2016-07-18 00:00:00	31.173299999999998	17.018	7	0	1	Day
2016-07-19 00:00:00	33.4514	18.936450000000004	7	1	1	Day
2016-07-20 00:00:00	28.014499999999998	19.368000000000002	7	2	1	Day
2016-07-21 00:00:00	25.273049999999998	18.0835	7	3	1	Day
2016-07-22 00:00:00	24.66705	17.62995	7	4	1	Day
2016-07-23 00:00:00	25.03965	16.719900000000003	7	5	0	Day
2016-07-24 00:00:00	26.30965	16.17155	7	6	0	Day
2016-07-25 00:00:00	26.4797	17.743575	7	0	1	Day
2016-07-26 00:00:00	25.619449999999997	16.58795	7	1	1	Day
2016-07-27 00:00:00	25.142799999999998	16.1494	7	2	1	Day
2016-07-28 00:00:00	24.647699999999997	17.33125	7	3	1	Day
2016-07-29 00:00:00	25.8148	17.571000000000005	7	4	1	Day
2016-07-30 00:00:00	24.735400000000006	16.7897	7	5	0	Day
2016-07-31 00:00:00	24.00515	15.568100000000001	7	6	0	Day
2016-08-01 00:00:00	24.2809	14.430399999999999	8	0	1	Day
2016-08-02 00:00:00	24.1458	16.416	8	1	1	Day
2016-08-03 00:00:00	26.5862	17.327050000000003	8	2	1	Day
2016-08-04 00:00:00	21.7955	15.610599999999998	8	3	1	Day
2016-08-05 00:00:00	22.512550000000005	14.2951	8	4	1	Day
2016-08-06 00:00:00	24.703050000000005	13.573450000000001	8	5	0	Day
2016-08-07 00:00:00	27.72855	14.568249999999999	8	6	0	Day
2016-08-08 00:00:00	24.831	16.4161	8	0	1	Day
2016-08-09 00:00:00	22.043750000000003	13.458675000000001	8	1	1	Day
2016-08-10 00:00:00	20.456550000000004	11.885299999999999	8	2	1	Day
2016-08-11 00:00:00	22.459400000000002	11.559800000000001	8	3	1	Day
2016-08-12 00:00:00	26.43865	13.517150000000003	8	4	1	Day
2016-08-13 00:00:00	28.555799999999998	14.65075	8	5	0	Day
2016-08-14 00:00:00	28.9305	15.812000000000003	8	6	0	Day
2016-08-15 00:00:00	29.2438	16.02435	8	0	1	Holiday
2016-08-16 00:00:00	29.720250000000004	16.6669	8	1	1	Day
2016-08-17 00:00:00	27.44135	17.097200000000004	8	2	1	Day
2016-08-18 00:00:00	23.3162	16.5872	8	3	1	Day
2016-08-19 00:00:00	23.8964	15.692549999999999	8	4	1	Day
2016-08-20 00:00:00	21.94555	15.482124999999998	8	5	0	Day
2016-08-21 00:00:00	22.33825	14.423499999999999	8	6	0	Day
2016-08-22 00:00:00	27.372850000000003	13.873650000000003	8	0	1	Day
2016-08-23 00:00:00	31.73235	16.322400000000002	8	1	1	Day
2016-08-24 00:00:00	32.0455	17.569300000000002	8	2	1	Day
2016-08-25 00:00:00	33.0444	18.265900000000002	8	3	1	Day
2016-08-26 00:00:00	31.378650000000004	19.070950000000003	8	4	1	Day
2016-08-27 00:00:00	32.5604	18.772700000000004	8	5	0	Day
2016-08-28 00:00:00	26.639200000000002	18.526825	8	6	0	Day
2016-08-29 00:00:00	23.712200000000003	16.189200000000003	8	0	1	Day
2016-08-30 00:00:00	25.5777	14.89125	8	1	1	Day
2016-08-31 00:00:00	27.699250000000006	15.14025	8	2	1	Day
2016-09-01 00:00:00	27.50645	15.927300000000002	9	3	1	Day
2016-09-02 00:00:00	28.294099999999997	14.745700000000001	9	4	1	Day
2016-09-03 00:00:00	28.3781	15.92095	9	5	0	Day
2016-09-04 00:00:00	24.77955	17.3144	9	6	0	Day
2016-09-05 00:00:00	23.383	17.677449999999997	9	0	1	Day
2016-09-06 00:00:00	26.319100000000002	17.333075000000004	9	1	1	Day
2016-09-07 00:00:00	28.9642	15.902550000000002	9	2	1	Day
2016-09-08 00:00:00	25.49455	15.801499999999999	9	3	1	Day
2016-09-09 00:00:00	26.20445	14.576049999999999	9	4	1	Day
2016-09-10 00:00:00	26.657300000000003	15.1147	9	5	0	Day
2016-09-11 00:00:00	26.57745	16.38505	9	6	0	Day
2016-09-12 00:00:00	30.2448	17.049650000000003	9	0	1	Day
2016-09-13 00:00:00	29.99035	19.134050000000002	9	1	1	Day
2016-09-14 00:00:00	23.8755	16.515	9	2	1	Day
2016-09-15 00:00:00	20.841450000000005	15.00115	9	3	1	Day
2016-09-16 00:00:00	19.48595	13.978250000000003	9	4	1	Day
2016-09-17 00:00:00	17.877499999999998	13.13265	9	5	0	Day
2016-09-18 00:00:00	19.0055	13.2156	9	6	0	Day
2016-09-19 00:00:00	20.0049	14.32105	9	0	1	Day
2016-09-20 00:00:00	20.618	12.83915	9	1	1	Day
2016-09-21 00:00:00	21.434849999999997	11.505400000000002	9	2	1	Day
2016-09-22 00:00:00	22.42035	10.793650000000001	9	3	1	Day
2016-09-23 00:00:00	22.94885	12.461974999999999	9	4	1	Day
2016-09-24 00:00:00	24.502449999999996	11.458900000000002	9	5	0	Day
2016-09-25 00:00:00	20.8287	12.381225	9	6	0	Day
2016-09-26 00:00:00	20.6169	11.7339	9	0	1	Day
2016-09-27 00:00:00	21.98585	12.3862	9	1	1	Day
2016-09-28 00:00:00	23.276300000000003	13.631800000000004	9	2	1	Day
2016-09-29 00:00:00	23.382649999999998	13.098	9	3	1	Day
2016-09-30 00:00:00	20.1496	13.82735	9	4	1	Day
2016-10-01 00:00:00	18.2151	11.739550000000001	10	5	0	Day
2016-10-02 00:00:00	18.275500000000005	9.13555	10	6	0	Day
2016-10-03 00:00:00	19.39405	7.8631	10	0	1	Day
2016-10-04 00:00:00	20.2413	9.369600000000002	10	1	1	Day
2016-10-05 00:00:00	18.65775	9.604375	10	2	1	Day
2016-10-06 00:00:00	15.33835	7.336499999999999	10	3	1	Day
2016-10-07 00:00:00	15.71725	7.567450000000001	10	4	1	Day
2016-10-08 00:00:00	16.2936	8.250950000000001	10	5	0	Day
2016-10-09 00:00:00	15.5269	6.137525	10	6	0	Day
2016-10-10 00:00:00	14.742199999999999	5.0399	10	0	1	Day
2016-10-11 00:00:00	14.035750000000002	6.005699999999999	10	1	1	Day
2016-10-12 00:00:00	14.074900000000001	5.2244	10	2	1	Day
2016-10-13 00:00:00	12.30965	7.768549999999999	10	3	1	Day
2016-10-14 00:00:00	13.7624	9.763900000000001	10	4	1	Day
2016-10-15 00:00:00	17.8864	8.6411	10	5	0	Day
2016-10-16 00:00:00	19.298000000000002	9.539800000000001	10	6	0	Day
2016-10-17 00:00:00	17.163050000000002	10.568974999999998	10	0	1	Day
2016-10-18 00:00:00	16.44395	9.454850000000002	10	1	1	Day
2016-10-19 00:00:00	14.18215	8.657350000000001	10	2	1	Day
2016-10-20 00:00:00	13.81415	8.254349999999999	10	3	1	Day
2016-10-21 00:00:00	14.09065	6.3378000000000005	10	4	1	Day
2016-10-22 00:00:00	14.2087	5.3018	10	5	0	Day
2016-10-23 00:00:00	13.6451	7.131400000000002	10	6	0	Day
2016-10-24 00:00:00	16.59775	11.99385	10	0	1	Day
2016-10-25 00:00:00	15.934449999999998	11.874	10	1	1	Day
2016-10-26 00:00:00	14.463550000000003	9.961450000000001	10	2	1	Day
2016-10-27 00:00:00	15.01835	8.42915	10	3	1	Day
2016-10-28 00:00:00	15.345450000000001	7.38815	10	4	1	Day
2016-10-29 00:00:00	15.221550000000002	8.613800000000001	10	5	0	Day
2016-10-30 00:00:00	17.05645	7.644550000000001	10	6	0	Day
2016-10-31 00:00:00	17.76255	7.05335	10	0	1	Day
2016-11-01 00:00:00	16.877850000000002	6.3613	11	1	1	Holiday
2016-11-02 00:00:00	13.517650000000001	5.10815	11	2	1	Day
2016-11-03 00:00:00	12.85565	4.00715	11	3	1	Day
2016-11-04 00:00:00	12.3812	4.6442499999999995	11	4	1	Day
2016-11-05 00:00:00	11.754249999999999	6.189875	11	5	0	Day
2016-11-06 00:00:00	8.95115	3.1433500000000003	11	6	0	Day
2016-11-07 00:00:00	7.551000000000002	2.6476	11	0	1	Day
2016-11-08 00:00:00	7.9181	3.4234999999999998	11	1	1	Day
2016-11-09 00:00:00	9.40265	5.3382000000000005	11	2	1	Day
2016-11-10 00:00:00	11.252800000000002	7.664600000000001	11	3	1	Day
2016-11-11 00:00:00	10.483900000000002	3.89425	11	4	1	Holiday
2016-11-12 00:00:00	9.077850000000002	3.312700000000001	11	5	0	Day
2016-11-13 00:00:00	10.75515	6.3363000000000005	11	6	0	Day
2016-11-14 00:00:00	9.26925	5.894850000000001	11	0	1	Day
2016-11-15 00:00:00	11.2368	6.42855	11	1	1	Day
2016-11-16 00:00:00	12.407350000000001	8.452899999999998	11	2	1	Day
2016-11-17 00:00:00	13.53955	9.0029	11	3	1	Day
2016-11-18 00:00:00	11.52705	7.1377999999999995	11	4	1	Day
2016-11-19 00:00:00	10.70265	6.0847500000000005	11	5	0	Day
2016-11-20 00:00:00	14.21715	9.5536	11	6	0	Day
2016-11-21 00:00:00	14.50905	10.350475	11	0	1	Day
2016-11-22 00:00:00	11.9265	9.0334	11	1	1	Day
2016-11-23 00:00:00	13.02305	9.12635	11	2	1	Day
2016-11-24 00:00:00	12.47285	8.655175	11	3	1	Day
2016-11-25 00:00:00	10.49305	6.84815	11	4	1	Day
2016-11-26 00:00:00	11.251850000000001	6.055949999999999	11	5	0	Day
2016-11-27 00:00:00	10.6779	5.217200000000001	11	6	0	Day
2016-11-28 00:00:00	8.2886	1.5453	11	0	1	Day
2016-11-29 00:00:00	6.22435	0.16940000000000005	11	1	1	Day
2016-11-30 00:00:00	9.25515	-0.49485000000000023	11	2	1	Day
2016-12-01 00:00:00	8.3848	-0.4524	12	3	1	Day
2016-12-02 00:00:00	7.51835	1.30485	12	4	1	Day
2016-12-03 00:00:00	7.4708499999999995	1.6776999999999997	12	5	0	Day
2016-12-04 00:00:00	8.697200000000002	0.9922500000000003	12	6	0	Day
2016-12-05 00:00:00	11.116050000000001	3.2255500000000006	12	0	1	Day
2016-12-06 00:00:00	11.431850000000003	2.7600000000000002	12	1	1	Day
2016-12-07 00:00:00	10.72095	2.7472999999999996	12	2	1	Day
2016-12-08 00:00:00	11.6252	2.1919	12	3	1	Day
2016-12-09 00:00:00	11.35335	3.118450000000001	12	4	1	Day
2016-12-10 00:00:00	9.92225	2.6336000000000004	12	5	0	Day
2016-12-11 00:00:00	9.71545	4.27355	12	6	0	Day
2016-12-12 00:00:00	8.691	4.387550000000001	12	0	1	Day
2016-12-13 00:00:00	10.47785	3.7318250000000006	12	1	1	Day
2016-12-14 00:00:00	10.8434	3.1866499999999993	12	2	1	Day
2016-12-15 00:00:00	9.50525	2.8566000000000003	12	3	1	Day
2016-12-16 00:00:00	11.239200000000002	3.2494000000000005	12	4	1	Day
2016-12-17 00:00:00	9.4839	2.4029999999999996	12	5	0	Day
2016-12-18 00:00:00	5.8294500000000005	1.7886000000000002	12	6	0	Day
2016-12-19 00:00:00	5.598450000000001	2.0737000000000005	12	0	1	Day
2016-12-20 00:00:00	6.02765	3.0330500000000002	12	1	1	Day
2016-12-21 00:00:00	7.584250000000001	2.9082999999999997	12	2	1	Day
2016-12-22 00:00:00	9.094499999999998	4.7025500000000005	12	3	1	Day
2016-12-23 00:00:00	8.881800000000002	4.14575	12	4	1	Day
2016-12-24 00:00:00	11.128400000000003	6.61425	12	5	0	Day
2016-12-25 00:00:00	10.87205	7.7099	12	6	0	Holiday
2016-12-26 00:00:00	10.989550000000001	3.8965	12	0	1	Day
2016-12-27 00:00:00	8.6896	1.60915	12	1	1	Day
2016-12-28 00:00:00	8.6257	-0.12384999999999993	12	2	1	Day
2016-12-29 00:00:00	5.61245	-0.9512999999999999	12	3	1	Day
2016-12-30 00:00:00	2.4493000000000005	-1.9273999999999996	12	4	1	Day
2016-12-31 00:00:00	2.0094	-2.1492	12	5	0	Day
2017-01-01 00:00:00	3.167	-1.7313	1	6	0	Holiday
2017-01-02 00:00:00	4.60415	0.47950000000000004	1	0	1	Day
2017-01-03 00:00:00	3.5244500000000003	-0.48525	1	1	1	Day
2017-01-04 00:00:00	5.446850000000001	-0.36255000000000004	1	2	1	Day
2017-01-05 00:00:00	5.909299999999999	-1.3649499999999999	1	3	1	Day
2017-01-06 00:00:00	2.48705	-3.725175	1	4	1	Day
2017-01-07 00:00:00	3.1565499999999997	-3.781049999999999	1	5	0	Day
2017-01-08 00:00:00	6.9781	2.1836500000000005	1	6	0	Day
2017-01-09 00:00:00	7.075400000000001	3.3727500000000004	1	0	1	Day
2017-01-10 00:00:00	6.75305	4.2343	1	1	1	Day
2017-01-11 00:00:00	9.283449999999998	4.3793	1	2	1	Day
2017-01-12 00:00:00	8.528550000000001	4.358225	1	3	1	Day
2017-01-13 00:00:00	5.30015	2.0849499999999996	1	4	1	Day
2017-01-14 00:00:00	5.38515	1.30095	1	5	0	Day
2017-01-15 00:00:00	4.651050000000001	1.6612500000000001	1	6	0	Day
2017-01-16 00:00:00	4.646400000000001	-1.234425	1	0	1	Day
2017-01-17 00:00:00	1.65525	-3.1814500000000003	1	1	1	Day
2017-01-18 00:00:00	1.4269	-3.8830999999999998	1	2	1	Day
2017-01-19 00:00:00	2.0587	-4.2687	1	3	1	Day
2017-01-20 00:00:00	3.72965	-4.714149999999999	1	4	1	Day
2017-01-21 00:00:00	5.6049500000000005	-4.27125	1	5	0	Day
2017-01-22 00:00:00	5.501000000000001	-2.32175	1	6	0	Day
2017-01-23 00:00:00	4.62185	-2.4440250000000003	1	0	1	Day
2017-01-24 00:00:00	3.6468000000000003	-2.5296499999999997	1	1	1	Day
2017-01-25 00:00:00	0.9365000000000002	-3.4720250000000004	1	2	1	Day
2017-01-26 00:00:00	4.753400000000001	-3.7829499999999987	1	3	1	Day
2017-01-27 00:00:00	8.97995	1.69955	1	4	1	Day
2017-01-28 00:00:00	9.55885	3.8714999999999997	1	5	0	Day
2017-01-29 00:00:00	9.780800000000001	3.38735	1	6	0	Day
2017-01-30 00:00:00	10.5581	6.8157000000000005	1	0	1	Day
2017-01-31 00:00:00	12.226799999999999	8.16285	1	1	1	Day
2017-02-01 00:00:00	12.2758	7.653099999999999	2	2	1	Day
2017-02-02 00:00:00	12.926800000000002	7.76125	2	3	1	Day
2017-02-03 00:00:00	9.99495	6.088299999999999	2	4	1	Day
2017-02-04 00:00:00	9.533900000000001	6.16015	2	5	0	Day
