3,2012-12-31
4,2013-01-01
94,2013-04-01
124,2013-05-01
131,2013-05-08
132,2013-05-09
143,2013-05-20
230,2013-08-15
308,2013-11-01
318,2013-11-11
362,2013-12-25
364,2013-12-27
368,2013-12-31
369,2014-01-01
479,2014-04-21
489,2014-05-01
496,2014-05-08
517,2014-05-29
518,2014-05-30
528,2014-06-09
563,2014-07-14
595,2014-08-15
683,2014-11-11
726,2014-12-24
727,2014-12-25
732,2014-12-30
733,2014-12-31
734,2015-01-01
735,2015-01-02
829,2015-04-06
854,2015-05-01
861,2015-05-08
867,2015-05-14
878,2015-05-25
928,2015-07-14
1048,2015-11-11
1091,2015-12-24
1092,2015-12-25
1098,2015-12-31
1099,2016-01-01
1186,2016-03-28
1217,2016-04-28
1224,2016-05-05
1225,2016-05-06
1235,2016-05-16
1294,2016-07-14
1326,2016-08-15
1404,2016-11-01
1414,2016-11-11
1461,2016-12-28
1463,2016-12-30
1571,2017-04-17
1585,2017-05-01
1592,2017-05-08
1609,2017-05-25
1620,2017-06-05
1659,2017-07-14
1691,2017-08-15
1769,2017-11-01
1823,2017-12-25
