ds,Nuclear_indisponibility
0,2012-01-01,0.0
1,2012-01-02,0.0
2,2012-01-03,0.0
3,2012-01-04,0.0
4,2012-01-05,2210.0
5,2012-01-06,1300.0
6,2012-01-07,1300.0
7,2012-01-08,1300.0
8,2012-01-09,1300.0
9,2012-01-10,0.0
10,2012-01-11,0.0
11,2012-01-12,0.0
12,2012-01-13,0.0
13,2012-01-14,0.0
14,2012-01-15,0.0
15,2012-01-16,0.0
16,2012-01-17,0.0
17,2012-01-18,0.0
18,2012-01-19,1820.0
19,2012-01-20,915.0
20,2012-01-21,0.0
21,2012-01-22,0.0
22,2012-01-23,0.0
23,2012-01-24,1310.0
24,2012-01-25,1310.0
25,2012-01-26,1310.0
26,2012-01-27,0.0
27,2012-01-28,0.0
28,2012-01-29,0.0
29,2012-01-30,0.0
30,2012-01-31,0.0
31,2012-02-01,0.0
32,2012-02-02,0.0
33,2012-02-03,0.0
34,2012-02-04,0.0
35,2012-02-05,0.0
36,2012-02-06,0.0
37,2012-02-07,0.0
38,2012-02-08,0.0
39,2012-02-09,915.0
40,2012-02-10,1300.0
41,2012-02-11,1300.0
42,2012-02-12,1300.0
43,2012-02-13,1300.0
44,2012-02-14,1300.0
45,2012-02-15,2210.0
46,2012-02-16,2210.0
47,2012-02-17,2210.0
48,2012-02-18,910.0
49,2012-02-19,910.0
50,2012-02-20,910.0
51,2012-02-21,2210.0
52,2012-02-22,2210.0
53,2012-02-23,2210.0
54,2012-02-24,2210.0
55,2012-02-25,2210.0
56,2012-02-26,2210.0
57,2012-02-27,2210.0
58,2012-02-28,1300.0
59,2012-02-29,0.0
60,2012-03-01,0.0
61,2012-03-02,0.0
62,2012-03-03,0.0
63,2012-03-04,0.0
64,2012-03-05,0.0
65,2012-03-06,880.0
66,2012-03-07,0.0
67,2012-03-08,0.0
68,2012-03-09,0.0
69,2012-03-10,1300.0
70,2012-03-11,0.0
71,2012-03-12,0.0
72,2012-03-13,0.0
73,2012-03-14,0.0
74,2012-03-15,0.0
75,2012-03-16,0.0
76,2012-03-17,0.0
77,2012-03-18,0.0
78,2012-03-19,0.0
79,2012-03-20,880.0
80,2012-03-21,1310.0
81,2012-03-22,0.0
82,2012-03-23,0.0
83,2012-03-24,0.0
84,2012-03-25,0.0
85,2012-03-26,0.0
86,2012-03-27,0.0
87,2012-03-28,0.0
88,2012-03-29,0.0
89,2012-03-30,0.0
90,2012-03-31,0.0
91,2012-04-01,0.0
92,2012-04-02,0.0
93,2012-04-03,0.0
94,2012-04-04,0.0
95,2012-04-05,2245.0
96,2012-04-06,1330.0
97,2012-04-07,1330.0
98,2012-04-08,1330.0
99,2012-04-09,1330.0
100,2012-04-10,1330.0
101,2012-04-11,2245.0
102,2012-04-12,2245.0
103,2012-04-13,2245.0
104,2012-04-14,2245.0
105,2012-04-15,2235.0
106,2012-04-16,1330.0
107,2012-04-17,1330.0
108,2012-04-18,1330.0
109,2012-04-19,1330.0
110,2012-04-20,1330.0
111,2012-04-21,0.0
112,2012-04-22,1330.0
113,2012-04-23,0.0
114,2012-04-24,0.0
115,2012-04-25,0.0
116,2012-04-26,0.0
117,2012-04-27,1300.0
118,2012-04-28,1300.0
119,2012-04-29,0.0
120,2012-04-30,0.0
121,2012-05-01,0.0
122,2012-05-02,0.0
123,2012-05-03,0.0
124,2012-05-04,0.0
125,2012-05-05,0.0
126,2012-05-06,0.0
127,2012-05-07,0.0
128,2012-05-08,880.0
129,2012-05-09,0.0
130,2012-05-10,0.0
131,2012-05-11,0.0
132,2012-05-12,0.0
133,2012-05-13,0.0
134,2012-05-14,910.0
135,2012-05-15,0.0
136,2012-05-16,0.0
137,2012-05-17,0.0
138,2012-05-18,0.0
139,2012-05-19,0.0
140,2012-05-20,0.0
141,2012-05-21,0.0
142,2012-05-22,910.0
143,2012-05-23,910.0
144,2012-05-24,910.0
145,2012-05-25,910.0
146,2012-05-26,910.0
147,2012-05-27,2830.0
148,2012-05-28,4325.0
149,2012-05-29,4130.0
150,2012-05-30,4130.0
151,2012-05-31,4130.0
152,2012-06-01,2800.0
153,2012-06-02,2800.0
154,2012-06-03,2800.0
155,2012-06-04,3710.0
156,2012-06-05,3540.0
157,2012-06-06,2210.0
158,2012-06-07,910.0
159,2012-06-08,910.0
160,2012-06-09,0.0
161,2012-06-10,0.0
162,2012-06-11,1330.0
163,2012-06-12,0.0
164,2012-06-13,0.0
165,2012-06-14,0.0
166,2012-06-15,0.0
167,2012-06-16,0.0
168,2012-06-17,0.0
169,2012-06-18,0.0
170,2012-06-19,0.0
171,2012-06-20,910.0
172,2012-06-21,910.0
173,2012-06-22,910.0
174,2012-06-23,0.0
175,2012-06-24,0.0
176,2012-06-25,0.0
177,2012-06-26,0.0
178,2012-06-27,0.0
179,2012-06-28,0.0
180,2012-06-29,0.0
181,2012-06-30,0.0
182,2012-07-01,0.0
183,2012-07-02,0.0
184,2012-07-03,0.0
185,2012-07-04,0.0
186,2012-07-05,0.0
187,2012-07-06,0.0
188,2012-07-07,0.0
189,2012-07-08,0.0
190,2012-07-09,0.0
191,2012-07-10,0.0
192,2012-07-11,0.0
193,2012-07-12,0.0
194,2012-07-13,0.0
195,2012-07-14,0.0
196,2012-07-15,0.0
197,2012-07-16,0.0
198,2012-07-17,0.0
199,2012-07-18,0.0
200,2012-07-19,0.0
201,2012-07-20,0.0
202,2012-07-21,0.0
203,2012-07-22,0.0
204,2012-07-23,910.0
205,2012-07-24,0.0
206,2012-07-25,0.0
207,2012-07-26,1330.0
208,2012-07-27,2215.0
209,2012-07-28,915.0
210,2012-07-29,915.0
211,2012-07-30,0.0
212,2012-07-31,0.0
213,2012-08-01,0.0
214,2012-08-02,0.0
215,2012-08-03,0.0
216,2012-08-04,0.0
217,2012-08-05,0.0
218,2012-08-06,0.0
219,2012-08-07,0.0
220,2012-08-08,0.0
221,2012-08-09,0.0
222,2012-08-10,0.0
223,2012-08-11,0.0
224,2012-08-12,0.0
225,2012-08-13,0.0
226,2012-08-14,0.0
227,2012-08-15,0.0
228,2012-08-16,0.0
229,2012-08-17,0.0
230,2012-08-18,0.0
231,2012-08-19,0.0
232,2012-08-20,0.0
233,2012-08-21,0.0
234,2012-08-22,0.0
235,2012-08-23,910.0
236,2012-08-24,0.0
237,2012-08-25,0.0
238,2012-08-26,0.0
239,2012-08-27,0.0
240,2012-08-28,0.0
241,2012-08-29,0.0
242,2012-08-30,0.0
243,2012-08-31,915.0
244,2012-09-01,915.0
245,2012-09-02,0.0
246,2012-09-03,0.0
247,2012-09-04,0.0
248,2012-09-05,0.0
249,2012-09-06,910.0
250,2012-09-07,910.0
251,2012-09-08,0.0
252,2012-09-09,0.0
253,2012-09-10,0.0
254,2012-09-11,1300.0
255,2012-09-12,0.0
256,2012-09-13,1300.0
257,2012-09-14,2210.0
258,2012-09-15,910.0
259,2012-09-16,910.0
260,2012-09-17,0.0
261,2012-09-18,0.0
262,2012-09-19,0.0
263,2012-09-20,0.0
264,2012-09-21,0.0
265,2012-09-22,0.0
266,2012-09-23,0.0
267,2012-09-24,0.0
268,2012-09-25,915.0
269,2012-09-26,0.0
270,2012-09-27,0.0
271,2012-09-28,0.0
272,2012-09-29,0.0
273,2012-09-30,1300.0
274,2012-10-01,0.0
275,2012-10-02,0.0
276,2012-10-03,0.0
277,2012-10-04,0.0
278,2012-10-05,0.0
279,2012-10-06,0.0
280,2012-10-07,0.0
281,2012-10-08,915.0
282,2012-10-09,1330.0
283,2012-10-10,0.0
284,2012-10-11,1335.0
285,2012-10-12,1335.0
286,2012-10-13,1335.0
287,2012-10-14,1335.0
288,2012-10-15,3935.0
289,2012-10-16,5315.0
290,2012-10-17,1790.0
291,2012-10-18,880.0
292,2012-10-19,880.0
293,2012-10-20,880.0
294,2012-10-21,880.0
295,2012-10-22,0.0
296,2012-10-23,0.0
297,2012-10-24,0.0
298,2012-10-25,0.0
299,2012-10-26,0.0
300,2012-10-27,0.0
301,2012-10-28,0.0
302,2012-10-29,0.0
303,2012-10-30,0.0
304,2012-10-31,0.0
305,2012-11-01,0.0
306,2012-11-02,0.0
307,2012-11-03,1310.0
308,2012-11-04,0.0
309,2012-11-05,0.0
310,2012-11-06,0.0
311,2012-11-07,1330.0
312,2012-11-08,1330.0
313,2012-11-09,1330.0
314,2012-11-10,1330.0
315,2012-11-11,1330.0
316,2012-11-12,1330.0
317,2012-11-13,0.0
318,2012-11-14,910.0
319,2012-11-15,910.0
320,2012-11-16,1330.0
321,2012-11-17,0.0
322,2012-11-18,0.0
323,2012-11-19,0.0
324,2012-11-20,0.0
325,2012-11-21,0.0
326,2012-11-22,0.0
327,2012-11-23,0.0
328,2012-11-24,1330.0
329,2012-11-25,0.0
330,2012-11-26,1330.0
331,2012-11-27,0.0
332,2012-11-28,0.0
333,2012-11-29,0.0
334,2012-11-30,0.0
335,2012-12-01,1330.0
336,2012-12-02,1330.0
337,2012-12-03,0.0
338,2012-12-04,0.0
339,2012-12-05,0.0
340,2012-12-06,0.0
341,2012-12-07,910.0
342,2012-12-08,905.0
343,2012-12-09,0.0
344,2012-12-10,0.0
345,2012-12-11,0.0
346,2012-12-12,0.0
347,2012-12-13,0.0
348,2012-12-14,0.0
349,2012-12-15,0.0
350,2012-12-16,0.0
351,2012-12-17,0.0
352,2012-12-18,0.0
353,2012-12-19,1330.0
354,2012-12-20,0.0
355,2012-12-21,1195.0
356,2012-12-22,165.0
357,2012-12-23,165.0
358,2012-12-24,470.0
359,2012-12-25,165.0
360,2012-12-26,0.0
361,2012-12-27,0.0
362,2012-12-28,0.0
363,2012-12-29,0.0
364,2012-12-30,845.0
365,2012-12-31,0.0
366,2013-01-01,457.0
367,2013-01-02,915.0
368,2013-01-03,0.0
369,2013-01-04,0.0
370,2013-01-05,0.0
371,2013-01-06,640.0
372,2013-01-07,1530.0
373,2013-01-08,0.0
374,2013-01-09,0.0
375,2013-01-10,0.0
376,2013-01-11,0.0
377,2013-01-12,0.0
378,2013-01-13,0.0
379,2013-01-14,0.0
380,2013-01-15,0.0
381,2013-01-16,1495.0
382,2013-01-17,335.0
383,2013-01-18,335.0
384,2013-01-19,0.0
385,2013-01-20,910.0
386,2013-01-21,1355.0
387,2013-01-22,910.0
388,2013-01-23,910.0
389,2013-01-24,910.0
390,2013-01-25,0.0
391,2013-01-26,405.0
392,2013-01-27,1335.0
393,2013-01-28,1335.0
394,2013-01-29,0.0
395,2013-01-30,1820.0
396,2013-01-31,0.0
397,2013-02-01,1300.0
398,2013-02-02,1300.0
399,2013-02-03,1335.0
400,2013-02-04,1335.0
401,2013-02-05,1335.0
402,2013-02-06,980.0
403,2013-02-07,1119.0
404,2013-02-08,0.0
405,2013-02-09,0.0
406,2013-02-10,0.0
407,2013-02-11,0.0
408,2013-02-12,565.0
409,2013-02-13,0.0
410,2013-02-14,0.0
411,2013-02-15,0.0
412,2013-02-16,0.0
413,2013-02-17,0.0
414,2013-02-18,0.0
415,2013-02-19,0.0
416,2013-02-20,0.0
417,2013-02-21,0.0
418,2013-02-22,350.0
419,2013-02-23,0.0
420,2013-02-24,0.0
421,2013-02-25,1300.0
422,2013-02-26,0.0
423,2013-02-27,0.0
424,2013-02-28,915.0
425,2013-03-01,915.0
426,2013-03-02,915.0
427,2013-03-03,915.0
428,2013-03-04,1525.0
429,2013-03-05,915.0
430,2013-03-06,915.0
431,2013-03-07,1777.0
432,2013-03-08,880.0
433,2013-03-09,4595.0
434,2013-03-10,0.0
435,2013-03-11,0.0
436,2013-03-12,410.0
437,2013-03-13,0.0
438,2013-03-14,1310.0
439,2013-03-15,1330.0
440,2013-03-16,400.0
441,2013-03-17,0.0
442,2013-03-18,0.0
443,2013-03-19,0.0
444,2013-03-20,0.0
445,2013-03-21,1310.0
446,2013-03-22,2225.0
447,2013-03-23,2715.0
448,2013-03-24,2735.0
449,2013-03-25,3015.0
450,2013-03-26,1825.0
451,2013-03-27,910.0
452,2013-03-28,910.0
453,2013-03-29,1410.0
454,2013-03-30,910.0
455,2013-03-31,0.0
456,2013-04-01,0.0
457,2013-04-02,0.0
458,2013-04-03,0.0
459,2013-04-04,0.0
460,2013-04-05,0.0
461,2013-04-06,0.0
462,2013-04-07,0.0
463,2013-04-08,0.0
464,2013-04-09,0.0
465,2013-04-10,0.0
466,2013-04-11,0.0
467,2013-04-12,0.0
468,2013-04-13,0.0
469,2013-04-14,1335.0
470,2013-04-15,0.0
471,2013-04-16,0.0
472,2013-04-17,0.0
473,2013-04-18,0.0
474,2013-04-19,0.0
475,2013-04-20,0.0
476,2013-04-21,0.0
477,2013-04-22,0.0
478,2013-04-23,0.0
479,2013-04-24,445.0
480,2013-04-25,445.0
481,2013-04-26,445.0
482,2013-04-27,905.0
483,2013-04-28,0.0
484,2013-04-29,0.0
485,2013-04-30,0.0
486,2013-05-01,0.0
487,2013-05-02,890.0
488,2013-05-03,890.0
489,2013-05-04,890.0
490,2013-05-05,0.0
491,2013-05-06,0.0
492,2013-05-07,0.0
493,2013-05-08,915.0
494,2013-05-09,0.0
495,2013-05-10,2630.0
496,2013-05-11,490.0
497,2013-05-12,0.0
498,2013-05-13,0.0
499,2013-05-14,0.0
500,2013-05-15,0.0
501,2013-05-16,0.0
502,2013-05-17,1735.0
503,2013-05-18,1735.0
504,2013-05-19,1800.0
505,2013-05-20,910.0
506,2013-05-21,0.0
507,2013-05-22,0.0
508,2013-05-23,0.0
509,2013-05-24,0.0
510,2013-05-25,905.0
511,2013-05-26,905.0
512,2013-05-27,910.0
513,2013-05-28,0.0
514,2013-05-29,835.0
515,2013-05-30,0.0
516,2013-05-31,0.0
517,2013-06-01,2225.0
518,2013-06-02,1835.0
519,2013-06-03,915.0
520,2013-06-04,0.0
521,2013-06-05,0.0
522,2013-06-06,0.0
523,2013-06-07,1300.0
524,2013-06-08,1300.0
525,2013-06-09,2190.0
526,2013-06-10,1300.0
527,2013-06-11,2740.0
528,2013-06-12,2740.0
529,2013-06-13,2740.0
530,2013-06-14,3930.0
531,2013-06-15,2600.0
532,2013-06-16,3930.0
533,2013-06-17,2600.0
534,2013-06-18,2600.0
535,2013-06-19,4825.0
536,2013-06-20,4825.0
537,2013-06-21,2600.0
538,2013-06-22,3510.0
539,2013-06-23,5210.0
540,2013-06-24,4560.0
541,2013-06-25,2600.0
542,2013-06-26,3750.0
543,2013-06-27,3200.0
544,2013-06-28,3200.0
545,2013-06-29,3505.0
546,2013-06-30,3505.0
547,2013-07-01,2600.0
548,2013-07-02,3480.0
549,2013-07-03,3480.0
550,2013-07-04,2600.0
551,2013-07-05,2600.0
552,2013-07-06,3425.0
553,2013-07-07,2600.0
554,2013-07-08,1300.0
555,2013-07-09,3525.0
556,2013-07-10,1300.0
557,2013-07-11,1300.0
558,2013-07-12,2237.0
559,2013-07-13,4913.0
560,2013-07-14,3610.0
561,2013-07-15,2375.0
562,2013-07-16,1300.0
563,2013-07-17,1300.0
564,2013-07-18,2630.0
565,2013-07-19,1677.0
566,2013-07-20,1300.0
567,2013-07-21,1300.0
568,2013-07-22,1300.0
569,2013-07-23,1300.0
570,2013-07-24,1300.0
571,2013-07-25,1300.0
572,2013-07-26,1300.0
573,2013-07-27,1300.0
574,2013-07-28,2210.0
575,2013-07-29,2210.0
576,2013-07-30,2610.0
577,2013-07-31,2180.0
578,2013-08-01,1300.0
579,2013-08-02,1300.0
580,2013-08-03,3400.0
581,2013-08-04,2630.0
582,2013-08-05,1300.0
583,2013-08-06,1300.0
584,2013-08-07,0.0
585,2013-08-08,1010.0
586,2013-08-09,690.0
587,2013-08-10,1380.0
588,2013-08-11,1495.0
589,2013-08-12,0.0
590,2013-08-13,0.0
591,2013-08-14,0.0
592,2013-08-15,1300.0
593,2013-08-16,1300.0
594,2013-08-17,1180.0
595,2013-08-18,0.0
596,2013-08-19,0.0
597,2013-08-20,890.0
598,2013-08-21,0.0
599,2013-08-22,1300.0
600,2013-08-23,1300.0
601,2013-08-24,2215.0
602,2013-08-25,2215.0
603,2013-08-26,1300.0
604,2013-08-27,1300.0
605,2013-08-28,1455.0
606,2013-08-29,1300.0
607,2013-08-30,730.0
608,2013-08-31,730.0
609,2013-09-01,730.0
610,2013-09-02,0.0
611,2013-09-03,1310.0
612,2013-09-04,615.0
613,2013-09-05,615.0
614,2013-09-06,615.0
615,2013-09-07,0.0
616,2013-09-08,0.0
617,2013-09-09,880.0
618,2013-09-10,880.0
619,2013-09-11,880.0
620,2013-09-12,0.0
621,2013-09-13,0.0
622,2013-09-14,1300.0
623,2013-09-15,915.0
624,2013-09-16,0.0
625,2013-09-17,321.0
626,2013-09-18,1330.0
627,2013-09-19,880.0
628,2013-09-20,880.0
629,2013-09-21,2180.0
630,2013-09-22,3480.0
631,2013-09-23,880.0
632,2013-09-24,0.0
633,2013-09-25,2180.0
634,2013-09-26,1300.0
635,2013-09-27,1945.0
636,2013-09-28,3760.0
637,2013-09-29,2400.0
638,2013-09-30,465.0
639,2013-10-01,0.0
640,2013-10-02,0.0
641,2013-10-03,3090.0
642,2013-10-04,1795.0
643,2013-10-05,1795.0
644,2013-10-06,0.0
645,2013-10-07,0.0
646,2013-10-08,0.0
647,2013-10-09,910.0
648,2013-10-10,910.0
649,2013-10-11,0.0
650,2013-10-12,1880.0
651,2013-10-13,0.0
652,2013-10-14,0.0
653,2013-10-15,1300.0
654,2013-10-16,1300.0
655,2013-10-17,0.0
656,2013-10-18,705.0
657,2013-10-19,2200.0
658,2013-10-20,2200.0
659,2013-10-21,0.0
660,2013-10-22,0.0
661,2013-10-23,0.0
662,2013-10-24,0.0
663,2013-10-25,0.0
664,2013-10-26,0.0
665,2013-10-27,0.0
666,2013-10-28,0.0
667,2013-10-29,0.0
668,2013-10-30,1043.0
669,2013-10-31,890.0
670,2013-11-01,0.0
671,2013-11-02,880.0
672,2013-11-03,1310.0
673,2013-11-04,0.0
674,2013-11-05,0.0
675,2013-11-06,0.0
676,2013-11-07,1310.0
677,2013-11-08,2190.0
678,2013-11-09,2215.0
679,2013-11-10,2215.0
680,2013-11-11,3130.0
681,2013-11-12,1310.0
682,2013-11-13,1310.0
683,2013-11-14,1310.0
684,2013-11-15,1310.0
685,2013-11-16,1310.0
686,2013-11-17,1310.0
687,2013-11-18,1310.0
688,2013-11-19,1310.0
689,2013-11-20,0.0
690,2013-11-21,0.0
691,2013-11-22,915.0
692,2013-11-23,1830.0
693,2013-11-24,2250.0
694,2013-11-25,915.0
695,2013-11-26,1272.0
696,2013-11-27,1272.0
697,2013-11-28,1265.0
698,2013-11-29,1685.0
699,2013-11-30,0.0
700,2013-12-01,1335.0
701,2013-12-02,2215.0
702,2013-12-03,880.0
703,2013-12-04,1785.0
704,2013-12-05,910.0
705,2013-12-06,1500.0
706,2013-12-07,1676.0
707,2013-12-08,0.0
708,2013-12-09,0.0
709,2013-12-10,0.0
710,2013-12-11,1330.0
711,2013-12-12,1110.0
712,2013-12-13,0.0
713,2013-12-14,0.0
714,2013-12-15,0.0
715,2013-12-16,0.0
716,2013-12-17,0.0
717,2013-12-18,0.0
718,2013-12-19,0.0
719,2013-12-20,0.0
720,2013-12-21,0.0
721,2013-12-22,905.0
722,2013-12-23,0.0
723,2013-12-24,0.0
724,2013-12-25,692.0
725,2013-12-26,0.0
726,2013-12-27,0.0
727,2013-12-28,0.0
728,2013-12-29,0.0
729,2013-12-30,0.0
730,2013-12-31,0.0
731,2014-01-01,0.0
732,2014-01-02,0.0
733,2014-01-03,890.0
734,2014-01-04,890.0
735,2014-01-05,890.0
736,2014-01-06,890.0
737,2014-01-07,890.0
738,2014-01-08,890.0
739,2014-01-09,890.0
740,2014-01-10,890.0
741,2014-01-11,890.0
742,2014-01-12,890.0
743,2014-01-13,1070.0
744,2014-01-14,0.0
745,2014-01-15,0.0
746,2014-01-16,0.0
747,2014-01-17,0.0
748,2014-01-18,1760.0
749,2014-01-19,880.0
750,2014-01-20,0.0
751,2014-01-21,0.0
752,2014-01-22,0.0
753,2014-01-23,345.0
754,2014-01-24,345.0
755,2014-01-25,0.0
756,2014-01-26,0.0
757,2014-01-27,0.0
758,2014-01-28,0.0
759,2014-01-29,0.0
760,2014-01-30,0.0
761,2014-01-31,0.0
762,2014-02-01,294.0
763,2014-02-02,1300.0
764,2014-02-03,1960.0
765,2014-02-04,1300.0
766,2014-02-05,3145.0
767,2014-02-06,1785.0
768,2014-02-07,1785.0
769,2014-02-08,3413.0
770,2014-02-09,1330.0
771,2014-02-10,1330.0
772,2014-02-11,1930.0
773,2014-02-12,1330.0
774,2014-02-13,1330.0
775,2014-02-14,4860.0
776,2014-02-15,2240.0
777,2014-02-16,1730.0
778,2014-02-17,910.0
779,2014-02-18,0.0
780,2014-02-19,0.0
781,2014-02-20,0.0
782,2014-02-21,0.0
783,2014-02-22,0.0
784,2014-02-23,0.0
785,2014-02-24,0.0
786,2014-02-25,0.0
787,2014-02-26,0.0
788,2014-02-27,0.0
789,2014-02-28,0.0
790,2014-03-01,0.0
791,2014-03-02,905.0
792,2014-03-03,905.0
793,2014-03-04,0.0
794,2014-03-05,0.0
795,2014-03-06,0.0
796,2014-03-07,1330.0
797,2014-03-08,0.0
798,2014-03-09,0.0
799,2014-03-10,0.0
800,2014-03-11,0.0
801,2014-03-12,0.0
802,2014-03-13,0.0
803,2014-03-14,0.0
804,2014-03-15,0.0
805,2014-03-16,0.0
806,2014-03-17,0.0
807,2014-03-18,0.0
808,2014-03-19,0.0
809,2014-03-20,0.0
810,2014-03-21,0.0
811,2014-03-22,0.0
812,2014-03-23,0.0
813,2014-03-24,915.0
814,2014-03-25,915.0
815,2014-03-26,915.0
816,2014-03-27,0.0
817,2014-03-28,0.0
818,2014-03-29,0.0
819,2014-03-30,0.0
820,2014-03-31,0.0
821,2014-04-01,0.0
822,2014-04-02,0.0
823,2014-04-03,0.0
824,2014-04-04,0.0
825,2014-04-05,0.0
826,2014-04-06,910.0
827,2014-04-07,0.0
828,2014-04-08,380.0
829,2014-04-09,1260.0
830,2014-04-10,880.0
831,2014-04-11,880.0
832,2014-04-12,0.0
833,2014-04-13,0.0
834,2014-04-14,0.0
835,2014-04-15,0.0
836,2014-04-16,0.0
837,2014-04-17,0.0
838,2014-04-18,910.0
839,2014-04-19,1820.0
840,2014-04-20,910.0
841,2014-04-21,910.0
842,2014-04-22,910.0
843,2014-04-23,3012.0
844,2014-04-24,3150.0
845,2014-04-25,1820.0
846,2014-04-26,1820.0
847,2014-04-27,2735.0
848,2014-04-28,0.0
849,2014-04-29,0.0
850,2014-04-30,0.0
851,2014-05-01,0.0
852,2014-05-02,0.0
853,2014-05-03,710.0
854,2014-05-04,710.0
855,2014-05-05,0.0
856,2014-05-06,0.0
857,2014-05-07,0.0
858,2014-05-08,905.0
859,2014-05-09,1610.0
860,2014-05-10,705.0
861,2014-05-11,110.0
862,2014-05-12,290.0
863,2014-05-13,0.0
864,2014-05-14,0.0
865,2014-05-15,0.0
866,2014-05-16,645.0
867,2014-05-17,645.0
868,2014-05-18,655.0
869,2014-05-19,2120.0
870,2014-05-20,1820.0
871,2014-05-21,910.0
872,2014-05-22,910.0
873,2014-05-23,0.0
874,2014-05-24,419.0
875,2014-05-25,419.0
876,2014-05-26,1159.0
877,2014-05-27,1899.0
878,2014-05-28,419.0
879,2014-05-29,419.0
880,2014-05-30,2235.0
881,2014-05-31,905.0
882,2014-06-01,0.0
883,2014-06-02,0.0
884,2014-06-03,0.0
885,2014-06-04,0.0
886,2014-06-05,0.0
887,2014-06-06,390.0
888,2014-06-07,390.0
889,2014-06-08,390.0
890,2014-06-09,390.0
891,2014-06-10,1720.0
892,2014-06-11,1720.0
893,2014-06-12,390.0
894,2014-06-13,815.0
895,2014-06-14,1300.0
896,2014-06-15,1725.0
897,2014-06-16,390.0
898,2014-06-17,1270.0
899,2014-06-18,2080.0
900,2014-06-19,1270.0
901,2014-06-20,390.0
902,2014-06-21,1330.0
903,2014-06-22,0.0
904,2014-06-23,0.0
905,2014-06-24,0.0
906,2014-06-25,0.0
907,2014-06-26,910.0
908,2014-06-27,910.0
909,2014-06-28,1800.0
910,2014-06-29,2210.0
911,2014-06-30,2210.0
912,2014-07-01,2210.0
913,2014-07-02,910.0
914,2014-07-03,910.0
915,2014-07-04,910.0
916,2014-07-05,910.0
917,2014-07-06,2410.0
918,2014-07-07,3473.0
919,2014-07-08,910.0
920,2014-07-09,910.0
921,2014-07-10,910.0
922,2014-07-11,910.0
923,2014-07-12,2630.0
924,2014-07-13,1300.0
925,2014-07-14,0.0
926,2014-07-15,0.0
927,2014-07-16,1335.0
928,2014-07-17,1335.0
929,2014-07-18,1335.0
930,2014-07-19,1335.0
931,2014-07-20,0.0
932,2014-07-21,0.0
933,2014-07-22,1300.0
934,2014-07-23,1300.0
935,2014-07-24,1300.0
936,2014-07-25,2210.0
937,2014-07-26,910.0
938,2014-07-27,910.0
939,2014-07-28,910.0
940,2014-07-29,910.0
941,2014-07-30,910.0
942,2014-07-31,1460.0
943,2014-08-01,910.0
944,2014-08-02,910.0
945,2014-08-03,910.0
946,2014-08-04,910.0
947,2014-08-05,910.0
948,2014-08-06,910.0
949,2014-08-07,910.0
950,2014-08-08,910.0
951,2014-08-09,910.0
952,2014-08-10,910.0
953,2014-08-11,910.0
954,2014-08-12,910.0
955,2014-08-13,910.0
956,2014-08-14,2240.0
957,2014-08-15,910.0
958,2014-08-16,910.0
959,2014-08-17,910.0
960,2014-08-18,910.0
961,2014-08-19,910.0
962,2014-08-20,910.0
963,2014-08-21,910.0
964,2014-08-22,910.0
965,2014-08-23,910.0
966,2014-08-24,910.0
967,2014-08-25,910.0
968,2014-08-26,910.0
969,2014-08-27,910.0
970,2014-08-28,1820.0
971,2014-08-29,910.0
972,2014-08-30,1825.0
973,2014-08-31,1825.0
974,2014-09-01,1825.0
975,2014-09-02,1825.0
976,2014-09-03,1825.0
977,2014-09-04,1825.0
978,2014-09-05,2570.0
979,2014-09-06,1825.0
980,2014-09-07,1825.0
981,2014-09-08,1825.0
982,2014-09-09,1825.0
983,2014-09-10,1825.0
984,2014-09-11,1825.0
985,2014-09-12,1825.0
986,2014-09-13,1825.0
987,2014-09-14,3155.0
988,2014-09-15,3330.0
989,2014-09-16,1825.0
990,2014-09-17,1825.0
991,2014-09-18,1825.0
992,2014-09-19,1825.0
993,2014-09-20,3155.0
994,2014-09-21,3155.0
995,2014-09-22,1825.0
996,2014-09-23,1825.0
997,2014-09-24,1825.0
998,2014-09-25,1825.0
999,2014-09-26,1825.0
1000,2014-09-27,1825.0
1001,2014-09-28,1825.0
1002,2014-09-29,1825.0
1003,2014-09-30,1825.0
1004,2014-10-01,1825.0
1005,2014-10-02,3155.0
1006,2014-10-03,1825.0
1007,2014-10-04,1825.0
1008,2014-10-05,1825.0
1009,2014-10-06,1825.0
1010,2014-10-07,1825.0
1011,2014-10-08,1825.0
1012,2014-10-09,2955.0
1013,2014-10-10,3155.0
1014,2014-10-11,3155.0
1015,2014-10-12,3125.0
1016,2014-10-13,3125.0
1017,2014-10-14,3125.0
1018,2014-10-15,1825.0
1019,2014-10-16,1825.0
1020,2014-10-17,1825.0
1021,2014-10-18,1825.0
1022,2014-10-19,1825.0
1023,2014-10-20,3135.0
1024,2014-10-21,4465.0
1025,2014-10-22,4050.0
1026,2014-10-23,4050.0
1027,2014-10-24,3245.0
1028,2014-10-25,3245.0
1029,2014-10-26,3135.0
1030,2014-10-27,3135.0
1031,2014-10-28,3135.0
1032,2014-10-29,3245.0
1033,2014-10-30,1825.0
1034,2014-10-31,1825.0
1035,2014-11-01,2495.0
1036,2014-11-02,2740.0
1037,2014-11-03,2340.0
1038,2014-11-04,1825.0
1039,2014-11-05,1985.0
1040,2014-11-06,1825.0
1041,2014-11-07,1825.0
1042,2014-11-08,1825.0
1043,2014-11-09,1825.0
1044,2014-11-10,1825.0
1045,2014-11-11,1825.0
1046,2014-11-12,1825.0
1047,2014-11-13,1825.0
1048,2014-11-14,1825.0
1049,2014-11-15,1825.0
1050,2014-11-16,1825.0
1051,2014-11-17,1825.0
1052,2014-11-18,1825.0
1053,2014-11-19,1825.0
1054,2014-11-20,3320.0
1055,2014-11-21,3320.0
1056,2014-11-22,3320.0
1057,2014-11-23,3320.0
1058,2014-11-24,1825.0
1059,2014-11-25,1825.0
1060,2014-11-26,1825.0
1061,2014-11-27,1825.0
1062,2014-11-28,1825.0
1063,2014-11-29,2740.0
1064,2014-11-30,2740.0
1065,2014-12-01,2740.0
1066,2014-12-02,2740.0
1067,2014-12-03,3650.0
1068,2014-12-04,4070.0
1069,2014-12-05,4070.0
1070,2014-12-06,3650.0
1071,2014-12-07,2740.0
1072,2014-12-08,4240.0
1073,2014-12-09,3300.0
1074,2014-12-10,3720.0
1075,2014-12-11,2740.0
1076,2014-12-12,3445.0
1077,2014-12-13,4850.0
1078,2014-12-14,4845.0
1079,2014-12-15,4850.0
1080,2014-12-16,4250.0
1081,2014-12-17,3930.0
1082,2014-12-18,4975.0
1083,2014-12-19,5890.0
1084,2014-12-20,4380.0
1085,2014-12-21,3465.0
1086,2014-12-22,2320.0
1087,2014-12-23,2320.0
1088,2014-12-24,4530.0
1089,2014-12-25,2320.0
1090,2014-12-26,2320.0
1091,2014-12-27,2135.0
1092,2014-12-28,2515.0
1093,2014-12-29,2135.0
1094,2014-12-30,4805.0
1095,2014-12-31,4860.0
1096,2015-01-01,4445.0
1097,2015-01-02,3205.0
1098,2015-01-03,4015.0
1099,2015-01-04,3110.0
1100,2015-01-05,3455.0
1101,2015-01-06,1285.0
1102,2015-01-07,1285.0
1103,2015-01-08,1386.0
1104,2015-01-09,1285.0
1105,2015-01-10,1225.0
1106,2015-01-11,3855.0
1107,2015-01-12,2555.0
1108,2015-01-13,3335.0
1109,2015-01-14,2685.0
1110,2015-01-15,2685.0
1111,2015-01-16,3845.0
1112,2015-01-17,4155.0
1113,2015-01-18,2715.0
1114,2015-01-19,2960.0
1115,2015-01-20,1220.0
1116,2015-01-21,2135.0
1117,2015-01-22,2135.0
1118,2015-01-23,2720.0
1119,2015-01-24,2410.0
1120,2015-01-25,2410.0
1121,2015-01-26,2820.0
1122,2015-01-27,2410.0
1123,2015-01-28,2410.0
1124,2015-01-29,2410.0
1125,2015-01-30,2825.0
1126,2015-01-31,4311.0
1127,2015-02-01,3740.0
1128,2015-02-02,4105.0
1129,2015-02-03,5555.0
1130,2015-02-04,3860.0
1131,2015-02-05,3860.0
1132,2015-02-06,3860.0
1133,2015-02-07,5960.0
1134,2015-02-08,6225.0
1135,2015-02-09,4915.0
1136,2015-02-10,4650.0
1137,2015-02-11,4650.0
1138,2015-02-12,4650.0
1139,2015-02-13,4650.0
1140,2015-02-14,6855.0
1141,2015-02-15,6855.0
1142,2015-02-16,5950.0
1143,2015-02-17,7780.0
1144,2015-02-18,7780.0
1145,2015-02-19,7780.0
1146,2015-02-20,7780.0
1147,2015-02-21,7780.0
1148,2015-02-22,8773.0
1149,2015-02-23,8773.0
1150,2015-02-24,7883.0
1151,2015-02-25,9183.0
1152,2015-02-26,9183.0
1153,2015-02-27,9183.0
1154,2015-02-28,11750.0
1155,2015-03-01,11760.0
1156,2015-03-02,10710.0
1157,2015-03-03,10710.0
1158,2015-03-04,12010.0
1159,2015-03-05,12010.0
1160,2015-03-06,12010.0
1161,2015-03-07,13350.0
1162,2015-03-08,12050.0
1163,2015-03-09,11135.0
1164,2015-03-10,11135.0
1165,2015-03-11,11135.0
1166,2015-03-12,11135.0
1167,2015-03-13,11135.0
1168,2015-03-14,10567.0
1169,2015-03-15,10220.0
1170,2015-03-16,10525.0
1171,2015-03-17,10525.0
1172,2015-03-18,9615.0
1173,2015-03-19,9615.0
1174,2015-03-20,11440.0
1175,2015-03-21,11582.0
1176,2015-03-22,12342.0
1177,2015-03-23,12342.0
1178,2015-03-24,11582.0
1179,2015-03-25,11582.0
1180,2015-03-26,12297.0
1181,2015-03-27,12297.0
1182,2015-03-28,12497.0
1183,2015-03-29,12497.0
1184,2015-03-30,12497.0
1185,2015-03-31,13377.0
1186,2015-04-01,13377.0
1187,2015-04-02,13377.0
1188,2015-04-03,13117.0
1189,2015-04-04,14857.0
1190,2015-04-05,15727.0
1191,2015-04-06,15737.0
1192,2015-04-07,15902.0
1193,2015-04-08,15707.0
1194,2015-04-09,15742.0
1195,2015-04-10,14497.0
1196,2015-04-11,18410.0
1197,2015-04-12,17500.0
1198,2015-04-13,17390.0
1199,2015-04-14,17500.0
1200,2015-04-15,17500.0
1201,2015-04-16,17780.0
1202,2015-04-17,17780.0
1203,2015-04-18,17500.0
1204,2015-04-19,18420.0
1205,2015-04-20,18920.0
1206,2015-04-21,19150.0
1207,2015-04-22,16200.0
1208,2015-04-23,14715.0
1209,2015-04-24,15750.0
1210,2015-04-25,18500.0
1211,2015-04-26,17545.0
1212,2015-04-27,16110.0
1213,2015-04-28,16680.0
1214,2015-04-29,16780.0
1215,2015-04-30,16080.0
1216,2015-05-01,15980.0
1217,2015-05-02,17800.0
1218,2015-05-03,20185.0
1219,2015-05-04,19975.0
1220,2015-05-05,19285.0
1221,2015-05-06,18635.0
1222,2015-05-07,19305.0
1223,2015-05-08,20943.0
1224,2015-05-09,21368.0
1225,2015-05-10,20948.0
1226,2015-05-11,17975.0
1227,2015-05-12,18885.0
1228,2015-05-13,18885.0
1229,2015-05-14,18995.0
1230,2015-05-15,20185.0
1231,2015-05-16,21315.0
1232,2015-05-17,18480.0
1233,2015-05-18,16965.0
1234,2015-05-19,16725.0
1235,2015-05-20,16105.0
1236,2015-05-21,17671.0
1237,2015-05-22,15375.0
1238,2015-05-23,19630.0
1239,2015-05-24,18010.0
1240,2015-05-25,15980.0
1241,2015-05-26,14685.0
1242,2015-05-27,13700.0
1243,2015-05-28,15945.0
1244,2015-05-29,15945.0
1245,2015-05-30,17047.0
1246,2015-05-31,17432.0
1247,2015-06-01,15377.0
1248,2015-06-02,14843.0
1249,2015-06-03,15571.0
1250,2015-06-04,16461.0
1251,2015-06-05,16731.0
1252,2015-06-06,19765.0
1253,2015-06-07,18885.0
1254,2015-06-08,17720.0
1255,2015-06-09,17720.0
1256,2015-06-10,16830.0
1257,2015-06-11,16830.0
1258,2015-06-12,19060.0
1259,2015-06-13,20195.0
1260,2015-06-14,17695.0
1261,2015-06-15,15455.0
1262,2015-06-16,16365.0
1263,2015-06-17,19475.0
1264,2015-06-18,19398.0
1265,2015-06-19,15395.0
1266,2015-06-20,16895.0
1267,2015-06-21,17705.0
1268,2015-06-22,16205.0
1269,2015-06-23,16205.0
1270,2015-06-24,16205.0
1271,2015-06-25,15295.0
1272,2015-06-26,15295.0
1273,2015-06-27,18010.0
1274,2015-06-28,19145.0
1275,2015-06-29,15825.0
1276,2015-06-30,16220.0
1277,2015-07-01,16630.0
1278,2015-07-02,15330.0
1279,2015-07-03,15330.0
1280,2015-07-04,16793.0
1281,2015-07-05,18848.0
1282,2015-07-06,18730.0
1283,2015-07-07,18535.0
1284,2015-07-08,14935.0
1285,2015-07-09,15925.0
1286,2015-07-10,12670.0
1287,2015-07-11,14149.0
1288,2015-07-12,14025.0
1289,2015-07-13,13130.0
1290,2015-07-14,12696.0
1291,2015-07-15,12475.0
1292,2015-07-16,13050.0
1293,2015-07-17,13050.0
1294,2015-07-18,18360.0
1295,2015-07-19,17415.0
1296,2015-07-20,15610.0
1297,2015-07-21,17820.0
1298,2015-07-22,16585.0
1299,2015-07-23,15285.0
1300,2015-07-24,13691.0
1301,2015-07-25,17776.0
1302,2015-07-26,16251.0
1303,2015-07-27,12510.0
1304,2015-07-28,12880.0
1305,2015-07-29,12655.0
1306,2015-07-30,11830.0
1307,2015-07-31,13140.0
1308,2015-08-01,15640.0
1309,2015-08-02,14350.0
1310,2015-08-03,15415.0
1311,2015-08-04,15220.0
1312,2015-08-05,16890.0
1313,2015-08-06,15220.0
1314,2015-08-07,15670.0
1315,2015-08-08,15644.0
1316,2015-08-09,17373.0
1317,2015-08-10,15968.0
1318,2015-08-11,15058.0
1319,2015-08-12,15218.0
1320,2015-08-13,14708.0
1321,2015-08-14,15588.0
1322,2015-08-15,16928.0
1323,2015-08-16,16518.0
1324,2015-08-17,14598.0
1325,2015-08-18,15943.0
1326,2015-08-19,15033.0
1327,2015-08-20,13998.0
1328,2015-08-21,12318.0
1329,2015-08-22,18878.0
1330,2015-08-23,19463.0
1331,2015-08-24,17963.0
1332,2015-08-25,15908.0
1333,2015-08-26,15908.0
1334,2015-08-27,17045.0
1335,2015-08-28,17280.0
1336,2015-08-29,18810.0
1337,2015-08-30,17315.0
1338,2015-08-31,16403.0
1339,2015-09-01,14160.0
1340,2015-09-02,14160.0
1341,2015-09-03,14173.0
1342,2015-09-04,13388.0
1343,2015-09-05,13816.0
1344,2015-09-06,14646.0
1345,2015-09-07,12338.0
1346,2015-09-08,12338.0
1347,2015-09-09,12338.0
1348,2015-09-10,12193.0
1349,2015-09-11,14508.0
1350,2015-09-12,20243.0
1351,2015-09-13,18023.0
1352,2015-09-14,16693.0
1353,2015-09-15,16693.0
1354,2015-09-16,16693.0
1355,2015-09-17,16873.0
1356,2015-09-18,18208.0
1357,2015-09-19,19300.0
1358,2015-09-20,19790.0
1359,2015-09-21,19090.0
1360,2015-09-22,22315.0
1361,2015-09-23,21785.0
1362,2015-09-24,21090.0
1363,2015-09-25,20185.0
1364,2015-09-26,22010.0
1365,2015-09-27,21055.0
1366,2015-09-28,19285.0
1367,2015-09-29,17865.0
1368,2015-09-30,19065.0
1369,2015-10-01,17650.0
1370,2015-10-02,18280.0
1371,2015-10-03,21533.0
1372,2015-10-04,18368.0
1373,2015-10-05,17168.0
1374,2015-10-06,16253.0
1375,2015-10-07,15338.0
1376,2015-10-08,16243.0
1377,2015-10-09,15835.0
1378,2015-10-10,18060.0
1379,2015-10-11,17760.0
1380,2015-10-12,15295.0
1381,2015-10-13,14358.0
1382,2015-10-14,14863.0
1383,2015-10-15,14740.0
1384,2015-10-16,14385.0
1385,2015-10-17,13475.0
1386,2015-10-18,12875.0
1387,2015-10-19,13425.0
1388,2015-10-20,12920.0
1389,2015-10-21,12530.0
1390,2015-10-22,10295.0
1391,2015-10-23,10670.0
1392,2015-10-24,11270.0
1393,2015-10-25,11810.0
1394,2015-10-26,11580.0
1395,2015-10-27,12380.0
1396,2015-10-28,13925.0
1397,2015-10-29,14294.0
1398,2015-10-30,13630.0
1399,2015-10-31,14680.0
1400,2015-11-01,13185.0
1401,2015-11-02,11380.0
1402,2015-11-03,12095.0
1403,2015-11-04,11750.0
1404,2015-11-05,10536.0
1405,2015-11-06,11195.0
1406,2015-11-07,12595.0
1407,2015-11-08,10135.0
1408,2015-11-09,10730.0
1409,2015-11-10,10135.0
1410,2015-11-11,10135.0
1411,2015-11-12,10520.0
1412,2015-11-13,10135.0
1413,2015-11-14,14533.0
1414,2015-11-15,13648.0
1415,2015-11-16,11995.0
1416,2015-11-17,11235.0
1417,2015-11-18,10355.0
1418,2015-11-19,10756.0
1419,2015-11-20,10355.0
1420,2015-11-21,9600.0
1421,2015-11-22,9015.0
1422,2015-11-23,8935.0
1423,2015-11-24,8200.0
1424,2015-11-25,10335.0
1425,2015-11-26,9090.0
1426,2015-11-27,7683.0
1427,2015-11-28,10218.0
1428,2015-11-29,8485.0
1429,2015-11-30,8635.0
1430,2015-12-01,6844.0
1431,2015-12-02,5934.0
1432,2015-12-03,5514.0
1433,2015-12-04,5184.0
1434,2015-12-05,4984.0
1435,2015-12-06,4984.0
1436,2015-12-07,3255.0
1437,2015-12-08,4510.0
1438,2015-12-09,4915.0
1439,2015-12-10,3625.0
1440,2015-12-11,3115.0
1441,2015-12-12,5525.0
1442,2015-12-13,4730.0
1443,2015-12-14,3125.0
1444,2015-12-15,3125.0
1445,2015-12-16,2210.0
1446,2015-12-17,2890.0
1447,2015-12-18,2210.0
1448,2015-12-19,6370.0
1449,2015-12-20,6370.0
1450,2015-12-21,6370.0
1451,2015-12-22,6370.0
1452,2015-12-23,6970.0
1453,2015-12-24,7700.0
1454,2015-12-25,7700.0
1455,2015-12-26,8430.0
1456,2015-12-27,9470.0
1457,2015-12-28,8770.0
1458,2015-12-29,7650.0
1459,2015-12-30,8350.0
1460,2015-12-31,9523.0
1461,2016-01-01,8375.0
1462,2016-01-02,8375.0
1463,2016-01-03,7670.0
1464,2016-01-04,4147.0
1465,2016-01-05,5477.0
1466,2016-01-06,4455.0
1467,2016-01-07,5365.0
1468,2016-01-08,6865.0
1469,2016-01-09,5945.0
1470,2016-01-10,4450.0
1471,2016-01-11,4995.0
1472,2016-01-12,5105.0
1473,2016-01-13,4560.0
1474,2016-01-14,4560.0
1475,2016-01-15,4740.0
1476,2016-01-16,4940.0
1477,2016-01-17,3650.0
1478,2016-01-18,3650.0
1479,2016-01-19,3650.0
1480,2016-01-20,4165.0
1481,2016-01-21,3650.0
1482,2016-01-22,4980.0
1483,2016-01-23,4450.0
1484,2016-01-24,5685.0
1485,2016-01-25,5365.0
1486,2016-01-26,6695.0
1487,2016-01-27,4640.0
1488,2016-01-28,3767.0
1489,2016-01-29,3600.0
1490,2016-01-30,5465.0
1491,2016-01-31,5895.0
1492,2016-02-01,3290.0
1493,2016-02-02,3290.0
1494,2016-02-03,3325.0
1495,2016-02-04,4820.0
1496,2016-02-05,4820.0
1497,2016-02-06,9475.0
1498,2016-02-07,7625.0
1499,2016-02-08,7020.0
1500,2016-02-09,7020.0
1501,2016-02-10,7020.0
1502,2016-02-11,6580.0
1503,2016-02-12,6690.0
1504,2016-02-13,8020.0
1505,2016-02-14,8020.0
1506,2016-02-15,8935.0
1507,2016-02-16,8415.0
1508,2016-02-17,10450.0
1509,2016-02-18,8040.0
1510,2016-02-19,7110.0
1511,2016-02-20,9885.0
1512,2016-02-21,8300.0
1513,2016-02-22,8300.0
1514,2016-02-23,8300.0
1515,2016-02-24,8985.0
1516,2016-02-25,8985.0
1517,2016-02-26,8420.0
1518,2016-02-27,11995.0
1519,2016-02-28,9920.0
1520,2016-02-29,9005.0
1521,2016-03-01,9005.0
1522,2016-03-02,9005.0
1523,2016-03-03,9005.0
1524,2016-03-04,9005.0
1525,2016-03-05,9412.0
1526,2016-03-06,9005.0
1527,2016-03-07,9005.0
1528,2016-03-08,8871.0
1529,2016-03-09,8218.0
1530,2016-03-10,8218.0
1531,2016-03-11,8463.0
1532,2016-03-12,10485.0
1533,2016-03-13,10485.0
1534,2016-03-14,11323.0
1535,2016-03-15,10413.0
1536,2016-03-16,10795.0
1537,2016-03-17,11400.0
1538,2016-03-18,10485.0
1539,2016-03-19,15015.0
1540,2016-03-20,13620.0
1541,2016-03-21,14535.0
1542,2016-03-22,14535.0
1543,2016-03-23,15015.0
1544,2016-03-24,15015.0
1545,2016-03-25,16325.0
1546,2016-03-26,18845.0
1547,2016-03-27,19545.0
1548,2016-03-28,18720.0
1549,2016-03-29,16085.0
1550,2016-03-30,17930.0
1551,2016-03-31,16995.0
1552,2016-04-01,16995.0
1553,2016-04-02,18820.0
1554,2016-04-03,17790.0
1555,2016-04-04,16480.0
1556,2016-04-05,16180.0
1557,2016-04-06,16408.0
1558,2016-04-07,16408.0
1559,2016-04-08,15498.0
1560,2016-04-09,19978.0
1561,2016-04-10,19088.0
1562,2016-04-11,17593.0
1563,2016-04-12,17593.0
1564,2016-04-13,17593.0
1565,2016-04-14,17593.0
1566,2016-04-15,17593.0
1567,2016-04-16,19548.0
1568,2016-04-17,18912.0
1569,2016-04-18,18953.0
1570,2016-04-19,18953.0
1571,2016-04-20,18953.0
1572,2016-04-21,19179.0
1573,2016-04-22,19179.0
1574,2016-04-23,19179.0
1575,2016-04-24,19179.0
1576,2016-04-25,20201.0
1577,2016-04-26,20841.0
1578,2016-04-27,21716.0
1579,2016-04-28,22171.0
1580,2016-04-29,22979.0
1581,2016-04-30,19949.0
1582,2016-05-01,19949.0
1583,2016-05-02,20047.0
1584,2016-05-03,19547.0
1585,2016-05-04,19132.0
1586,2016-05-05,18857.0
1587,2016-05-06,19412.0
1588,2016-05-07,26124.0
1589,2016-05-08,26006.0
1590,2016-05-09,21667.0
1591,2016-05-10,20967.0
1592,2016-05-11,20487.0
1593,2016-05-12,19621.0
1594,2016-05-13,20500.0
1595,2016-05-14,28335.0
1596,2016-05-15,29765.0
1597,2016-05-16,25934.0
1598,2016-05-17,24725.0
1599,2016-05-18,25479.0
1600,2016-05-19,24149.0
1601,2016-05-20,24359.0
1602,2016-05-21,27815.0
1603,2016-05-22,24855.0
1604,2016-05-23,23125.0
1605,2016-05-24,23690.0
1606,2016-05-25,24850.0
1607,2016-05-26,23515.0
1608,2016-05-27,22040.0
1609,2016-05-28,23540.0
1610,2016-05-29,24005.0
1611,2016-05-30,24053.0
1612,2016-05-31,21683.0
1613,2016-06-01,22056.0
1614,2016-06-02,22258.0
1615,2016-06-03,21376.0
1616,2016-06-04,25546.0
1617,2016-06-05,24283.0
1618,2016-06-06,19023.0
1619,2016-06-07,19023.0
1620,2016-06-08,19058.0
1621,2016-06-09,20205.0
1622,2016-06-10,19790.0
1623,2016-06-11,21755.0
1624,2016-06-12,23495.0
1625,2016-06-13,21605.0
1626,2016-06-14,21620.0
1627,2016-06-15,21355.0
1628,2016-06-16,18950.0
1629,2016-06-17,19860.0
1630,2016-06-18,21305.0
1631,2016-06-19,21400.0
1632,2016-06-20,20070.0
1633,2016-06-21,21810.0
1634,2016-06-22,22684.0
1635,2016-06-23,24126.0
1636,2016-06-24,23432.0
1637,2016-06-25,22488.0
1638,2016-06-26,22117.0
1639,2016-06-27,23437.0
1640,2016-06-28,23590.0
1641,2016-06-29,24360.0
1642,2016-06-30,23245.0
1643,2016-07-01,21915.0
1644,2016-07-02,23525.0
1645,2016-07-03,21935.0
1646,2016-07-04,19270.0
1647,2016-07-05,19270.0
1648,2016-07-06,19270.0
1649,2016-07-07,17940.0
1650,2016-07-08,19275.0
1651,2016-07-09,23950.0
1652,2016-07-10,22640.0
1653,2016-07-11,21730.0
1654,2016-07-12,23040.0
1655,2016-07-13,22895.0
1656,2016-07-14,21730.0
1657,2016-07-15,23040.0
1658,2016-07-16,26345.0
1659,2016-07-17,27460.0
1660,2016-07-18,26075.0
1661,2016-07-19,24030.0
1662,2016-07-20,24710.0
1663,2016-07-21,24030.0
1664,2016-07-22,21945.0
1665,2016-07-23,24605.0
1666,2016-07-24,22405.0
1667,2016-07-25,23315.0
1668,2016-07-26,24880.0
1669,2016-07-27,22750.0
1670,2016-07-28,22719.0
1671,2016-07-29,23084.0
1672,2016-07-30,23500.0
1673,2016-07-31,23500.0
1674,2016-08-01,25020.0
1675,2016-08-02,23345.0
1676,2016-08-03,23470.0
1677,2016-08-04,24385.0
1678,2016-08-05,23495.0
1679,2016-08-06,26170.0
1680,2016-08-07,26109.0
1681,2016-08-08,23249.0
1682,2016-08-09,21209.0
1683,2016-08-10,21313.0
1684,2016-08-11,21313.0
1685,2016-08-12,22709.0
1686,2016-08-13,25767.0
1687,2016-08-14,23600.0
1688,2016-08-15,23450.0
1689,2016-08-16,24355.0
1690,2016-08-17,24495.0
1691,2016-08-18,25000.0
1692,2016-08-19,25411.0
1693,2016-08-20,23704.0
1694,2016-08-21,22394.0
1695,2016-08-22,23414.0
1696,2016-08-23,22666.0
1697,2016-08-24,22666.0
1698,2016-08-25,22666.0
1699,2016-08-26,24236.0
1700,2016-08-27,28962.0
1701,2016-08-28,26310.0
1702,2016-08-29,25995.0
1703,2016-08-30,23705.0
1704,2016-08-31,23705.0
1705,2016-09-01,25015.0
1706,2016-09-02,24100.0
1707,2016-09-03,25015.0
1708,2016-09-04,26350.0
1709,2016-09-05,26350.0
1710,2016-09-06,25490.0
1711,2016-09-07,25345.0
1712,2016-09-08,24130.0
1713,2016-09-09,24640.0
1714,2016-09-10,26135.0
1715,2016-09-11,25205.0
1716,2016-09-12,21830.0
1717,2016-09-13,22515.0
1718,2016-09-14,24090.0
1719,2016-09-15,22515.0
1720,2016-09-16,21850.0
1721,2016-09-17,26440.0
1722,2016-09-18,25063.0
1723,2016-09-19,22101.0
1724,2016-09-20,23016.0
1725,2016-09-21,23246.0
1726,2016-09-22,22101.0
1727,2016-09-23,23156.0
1728,2016-09-24,25856.0
1729,2016-09-25,26151.0
1730,2016-09-26,26123.0
1731,2016-09-27,24695.0
1732,2016-09-28,24695.0
1733,2016-09-29,24830.0
1734,2016-09-30,24450.0
1735,2016-10-01,24147.0
1736,2016-10-02,23410.0
1737,2016-10-03,23410.0
1738,2016-10-04,23005.0
1739,2016-10-05,23840.0
1740,2016-10-06,25870.0
1741,2016-10-07,24075.0
1742,2016-10-08,25840.0
1743,2016-10-09,23005.0
1744,2016-10-10,23005.0
1745,2016-10-11,21935.0
1746,2016-10-12,21870.0
1747,2016-10-13,21870.0
1748,2016-10-14,21870.0
1749,2016-10-15,25620.0
1750,2016-10-16,24285.0
1751,2016-10-17,23065.0
1752,2016-10-18,23240.0
1753,2016-10-19,23365.0
1754,2016-10-20,19939.0
1755,2016-10-21,20658.0
1756,2016-10-22,24734.0
1757,2016-10-23,22410.0
1758,2016-10-24,21734.0
1759,2016-10-25,22094.0
1760,2016-10-26,20794.0
1761,2016-10-27,20680.0
1762,2016-10-28,20680.0
1763,2016-10-29,23330.0
1764,2016-10-30,21490.0
1765,2016-10-31,21400.0
1766,2016-11-01,22140.0
1767,2016-11-02,19900.0
1768,2016-11-03,19900.0
1769,2016-11-04,19900.0
1770,2016-11-05,19440.0
1771,2016-11-06,19983.0
1772,2016-11-07,19068.0
1773,2016-11-08,20355.0
1774,2016-11-09,19440.0
1775,2016-11-10,19440.0
1776,2016-11-11,21160.0
1777,2016-11-12,22080.0
1778,2016-11-13,22080.0
1779,2016-11-14,18969.0
1780,2016-11-15,18969.0
1781,2016-11-16,18969.0
1782,2016-11-17,18639.0
1783,2016-11-18,18515.0
1784,2016-11-19,18515.0
1785,2016-11-20,18185.0
1786,2016-11-21,17605.0
1787,2016-11-22,18025.0
1788,2016-11-23,17338.0
1789,2016-11-24,15663.0
1790,2016-11-25,14462.0
1791,2016-11-26,14107.0
1792,2016-11-27,14107.0
1793,2016-11-28,15049.0
1794,2016-11-29,13425.0
1795,2016-11-30,14375.0
1796,2016-12-01,13825.0
1797,2016-12-02,13685.0
1798,2016-12-03,14130.0
1799,2016-12-04,12220.0
1800,2016-12-05,12220.0
1801,2016-12-06,12878.0
1802,2016-12-07,12220.0
1803,2016-12-08,12220.0
1804,2016-12-09,12770.0
1805,2016-12-10,14900.0
1806,2016-12-11,16330.0
1807,2016-12-12,15310.0
1808,2016-12-13,15310.0
1809,2016-12-14,15310.0
1810,2016-12-15,14010.0
1811,2016-12-16,14010.0
1812,2016-12-17,14010.0
1813,2016-12-18,13210.0
1814,2016-12-19,13560.0
1815,2016-12-20,12260.0
1816,2016-12-21,12260.0
1817,2016-12-22,12170.0
1818,2016-12-23,12474.0
1819,2016-12-24,12170.0
1820,2016-12-25,12170.0
1821,2016-12-26,13385.0
1822,2016-12-27,11255.0
1823,2016-12-28,10575.0
1824,2016-12-29,10575.0
1825,2016-12-30,10425.0
1826,2016-12-31,10425.0
1827,2017-01-01,10425.0
1828,2017-01-02,11165.0
1829,2017-01-03,10425.0
1830,2017-01-04,9755.0
1831,2017-01-05,9875.0
1832,2017-01-06,8870.0
1833,2017-01-07,8870.0
1834,2017-01-08,8715.0
1835,2017-01-09,7805.0
1836,2017-01-10,7805.0
1837,2017-01-11,7805.0
1838,2017-01-12,9135.0
1839,2017-01-13,9135.0
1840,2017-01-14,10070.0
1841,2017-01-15,8680.0
1842,2017-01-16,8005.0
1843,2017-01-17,7285.0
1844,2017-01-18,8780.0
1845,2017-01-19,9085.0
1846,2017-01-20,9065.0
1847,2017-01-21,8908.0
1848,2017-01-22,8528.0
1849,2017-01-23,8528.0
1850,2017-01-24,8188.0
1851,2017-01-25,8350.0
1852,2017-01-26,9265.0
1853,2017-01-27,9265.0
1854,2017-01-28,9630.0
1855,2017-01-29,8080.0
1856,2017-01-30,10380.0
1857,2017-01-31,9390.0
1858,2017-02-01,10020.0
1859,2017-02-02,9575.0
1860,2017-02-03,10490.0
1861,2017-02-04,11190.0
1862,2017-02-05,12520.0
1863,2017-02-06,11190.0
1864,2017-02-07,12105.0
1865,2017-02-08,10275.0
1866,2017-02-09,11605.0
1867,2017-02-10,10690.0
1868,2017-02-11,12950.0
1869,2017-02-12,13655.0
1870,2017-02-13,13545.0
1871,2017-02-14,13890.0
1872,2017-02-15,11489.0
1873,2017-02-16,11124.0
1874,2017-02-17,13374.0
1875,2017-02-18,15219.0
1876,2017-02-19,14065.0
1877,2017-02-20,14065.0
1878,2017-02-21,14065.0
1879,2017-02-22,14065.0
1880,2017-02-23,14065.0
1881,2017-02-24,15260.0
1882,2017-02-25,14605.0
1883,2017-02-26,14345.0
1884,2017-02-27,14450.0
1885,2017-02-28,12955.0
1886,2017-03-01,12955.0
1887,2017-03-02,12955.0
1888,2017-03-03,12955.0
1889,2017-03-04,14160.0
1890,2017-03-05,14160.0
1891,2017-03-06,15740.0
1892,2017-03-07,14160.0
1893,2017-03-08,14160.0
1894,2017-03-09,14160.0
1895,2017-03-10,14400.0
1896,2017-03-11,16730.0
1897,2017-03-12,15790.0
1898,2017-03-13,16850.0
1899,2017-03-14,16470.0
1900,2017-03-15,15235.0
1901,2017-03-16,15235.0
1902,2017-03-17,15235.0
1903,2017-03-18,16570.0
1904,2017-03-19,17274.0
1905,2017-03-20,17496.0
1906,2017-03-21,16565.0
1907,2017-03-22,16565.0
1908,2017-03-23,18810.0
1909,2017-03-24,16150.0
1910,2017-03-25,16150.0
1911,2017-03-26,17065.0
1912,2017-03-27,16335.0
1913,2017-03-28,16630.0
1914,2017-03-29,17075.0
1915,2017-03-30,15235.0
1916,2017-03-31,17435.0
1917,2017-04-01,18939.0
1918,2017-04-02,18505.0
1919,2017-04-03,17005.0
1920,2017-04-04,17005.0
1921,2017-04-05,16115.0
1922,2017-04-06,16115.0
1923,2017-04-07,16115.0
1924,2017-04-08,19660.0
1925,2017-04-09,18785.0
1926,2017-04-10,17450.0
1927,2017-04-11,17025.0
1928,2017-04-12,16530.0
1929,2017-04-13,16530.0
1930,2017-04-14,16530.0
1931,2017-04-15,20235.0
1932,2017-04-16,22270.0
1933,2017-04-17,16830.0
1934,2017-04-18,16685.0
1935,2017-04-19,17200.0
1936,2017-04-20,16710.0
1937,2017-04-21,16340.0
1938,2017-04-22,16840.0
1939,2017-04-23,16840.0
1940,2017-04-24,18420.0
1941,2017-04-25,15540.0
1942,2017-04-26,15540.0
1943,2017-04-27,15540.0
1944,2017-04-28,15540.0
1945,2017-04-29,19275.0
1946,2017-04-30,19720.0
1947,2017-05-01,19477.0
1948,2017-05-02,16980.0
1949,2017-05-03,17078.0
1950,2017-05-04,16168.0
1951,2017-05-05,16168.0
1952,2017-05-06,19187.0
1953,2017-05-07,20744.0
1954,2017-05-08,20389.0
1955,2017-05-09,19115.0
1956,2017-05-10,19115.0
1957,2017-05-11,19115.0
1958,2017-05-12,19810.0
1959,2017-05-13,21276.0
1960,2017-05-14,21535.0
1961,2017-05-15,17570.0
1962,2017-05-16,17570.0
1963,2017-05-17,16665.0
1964,2017-05-18,16665.0
1965,2017-05-19,17965.0
1966,2017-05-20,22932.0
1967,2017-05-21,24560.0
1968,2017-05-22,23455.0
1969,2017-05-23,23715.0
1970,2017-05-24,23060.0
1971,2017-05-25,25285.0
1972,2017-05-26,25285.0
1973,2017-05-27,26175.0
1974,2017-05-28,27510.0
1975,2017-05-29,25680.0
1976,2017-05-30,25355.0
1977,2017-05-31,24855.0
1978,2017-06-01,23679.0
1979,2017-06-02,22774.0
1980,2017-06-03,25962.0
1981,2017-06-04,26582.0
1982,2017-06-05,23736.0
1983,2017-06-06,22366.0
1984,2017-06-07,20165.0
1985,2017-06-08,20517.0
1986,2017-06-09,20517.0
1987,2017-06-10,23247.0
1988,2017-06-11,25247.0
1989,2017-06-12,23907.0
1990,2017-06-13,23412.0
1991,2017-06-14,23412.0
1992,2017-06-15,23412.0
1993,2017-06-16,25362.0
1994,2017-06-17,25387.0
1995,2017-06-18,24267.0
1996,2017-06-19,24857.0
1997,2017-06-20,23357.0
1998,2017-06-21,23357.0
1999,2017-06-22,22452.0
2000,2017-06-23,21122.0
2001,2017-06-24,25067.0
2002,2017-06-25,25012.0
2003,2017-06-26,24412.0
2004,2017-06-27,23625.0
2005,2017-06-28,24170.0
2006,2017-06-29,23255.0
2007,2017-06-30,24191.0
2008,2017-07-01,27622.0
2009,2017-07-02,28182.0
2010,2017-07-03,28412.0
2011,2017-07-04,25587.0
2012,2017-07-05,23800.0
2013,2017-07-06,22980.0
2014,2017-07-07,22965.0
2015,2017-07-08,22645.0
2016,2017-07-09,23337.0
2017,2017-07-10,23192.0
2018,2017-07-11,22500.0
2019,2017-07-12,22500.0
2020,2017-07-13,23252.0
2021,2017-07-14,23602.0
2022,2017-07-15,23992.0
2023,2017-07-16,23992.0
2024,2017-07-17,21553.0
2025,2017-07-18,22049.0
2026,2017-07-19,20838.0
2027,2017-07-20,20961.0
2028,2017-07-21,20961.0
2029,2017-07-22,22546.0
2030,2017-07-23,21898.0
2031,2017-07-24,21898.0
2032,2017-07-25,21898.0
2033,2017-07-26,21138.0
2034,2017-07-27,21138.0
2035,2017-07-28,20398.0
2036,2017-07-29,21253.0
2037,2017-07-30,20838.0
2038,2017-07-31,20688.0
2039,2017-08-01,20688.0
2040,2017-08-02,20688.0
2041,2017-08-03,20935.0
2042,2017-08-04,22064.0
2043,2017-08-05,24699.0
2044,2017-08-06,24008.0
2045,2017-08-07,22216.0
2046,2017-08-08,23656.0
2047,2017-08-09,22356.0
2048,2017-08-10,22356.0
2049,2017-08-11,22137.0
2050,2017-08-12,23007.0
2051,2017-08-13,24752.0
2052,2017-08-14,23242.0
2053,2017-08-15,22327.0
2054,2017-08-16,22197.0
2055,2017-08-17,24797.0
2056,2017-08-18,24011.0
2057,2017-08-19,22087.0
2058,2017-08-20,21152.0
2059,2017-08-21,21017.0
2060,2017-08-22,20232.0
2061,2017-08-23,20397.0
2062,2017-08-24,20202.0
2063,2017-08-25,21232.0
2064,2017-08-26,23517.0
2065,2017-08-27,20272.0
2066,2017-08-28,20407.0
2067,2017-08-29,20272.0
2068,2017-08-30,20152.0
2069,2017-08-31,20152.0
2070,2017-09-01,21482.0
2071,2017-09-02,21482.0
2072,2017-09-03,20152.0
2073,2017-09-04,19837.0
2074,2017-09-05,19237.0
2075,2017-09-06,19737.0
2076,2017-09-07,20257.0
2077,2017-09-08,20727.0
2078,2017-09-09,21270.0
2079,2017-09-10,19730.0
2080,2017-09-11,18985.0
2081,2017-09-12,18465.0
2082,2017-09-13,18465.0
2083,2017-09-14,18465.0
2084,2017-09-15,19540.0
2085,2017-09-16,21450.0
2086,2017-09-17,19410.0
2087,2017-09-18,18825.0
2088,2017-09-19,18935.0
2089,2017-09-20,18550.0
2090,2017-09-21,18550.0
2091,2017-09-22,18530.0
2092,2017-09-23,27010.0
2093,2017-09-24,20935.0
2094,2017-09-25,20025.0
2095,2017-09-26,20551.0
2096,2017-09-27,18612.0
2097,2017-09-28,18002.0
2098,2017-09-29,18842.0
2099,2017-09-30,22257.0
2100,2017-10-01,22752.0
2101,2017-10-02,22037.0
2102,2017-10-03,22647.0
2103,2017-10-04,25287.0
2104,2017-10-05,23160.0
2105,2017-10-06,23160.0
2106,2017-10-07,24470.0
2107,2017-10-08,24470.0
2108,2017-10-09,23330.0
2109,2017-10-10,23330.0
2110,2017-10-11,23330.0
2111,2017-10-12,24470.0
2112,2017-10-13,24470.0
2113,2017-10-14,24604.0
2114,2017-10-15,24389.0
2115,2017-10-16,23516.0
2116,2017-10-17,25011.0
2117,2017-10-18,25741.0
2118,2017-10-19,24887.0
2119,2017-10-20,25982.0
2120,2017-10-21,27721.0
2121,2017-10-22,25206.0
2122,2017-10-23,22795.0
2123,2017-10-24,22795.0
2124,2017-10-25,21818.0
2125,2017-10-26,21798.0
2126,2017-10-27,22533.0
2127,2017-10-28,23833.0
2128,2017-10-29,21458.0
2129,2017-10-30,21498.0
2130,2017-10-31,21905.0
2131,2017-11-01,23090.0
2132,2017-11-02,23090.0
2133,2017-11-03,24280.0
2134,2017-11-04,22295.0
2135,2017-11-05,21555.0
2136,2017-11-06,21395.0
2137,2017-11-07,21395.0
2138,2017-11-08,21395.0
2139,2017-11-09,22705.0
2140,2017-11-10,22705.0
2141,2017-11-11,21955.0
2142,2017-11-12,20485.0
2143,2017-11-13,21400.0
2144,2017-11-14,20685.0
2145,2017-11-15,20685.0
2146,2017-11-16,20685.0
2147,2017-11-17,19546.0
2148,2017-11-18,19971.0
2149,2017-11-19,19832.0
2150,2017-11-20,19546.0
2151,2017-11-21,19546.0
2152,2017-11-22,17450.0
2153,2017-11-23,16946.0
2154,2017-11-24,16100.0
2155,2017-11-25,18160.0
2156,2017-11-26,17090.0
2157,2017-11-27,13535.0
2158,2017-11-28,14505.0
2159,2017-11-29,15025.0
2160,2017-11-30,13990.0
2161,2017-12-01,12665.0
2162,2017-12-02,14350.0
2163,2017-12-03,12788.0
2164,2017-12-04,11840.0
2165,2017-12-05,10925.0
2166,2017-12-06,11320.0
2167,2017-12-07,11535.0
2168,2017-12-08,12995.0
2169,2017-12-09,13360.0
2170,2017-12-10,13440.0
2171,2017-12-11,12422.0
2172,2017-12-12,11512.0
2173,2017-12-13,13177.0
2174,2017-12-14,12442.0
2175,2017-12-15,11810.0
2176,2017-12-16,12656.0
2177,2017-12-17,11326.0
2178,2017-12-18,10051.0
2179,2017-12-19,9205.0
2180,2017-12-20,8460.0
2181,2017-12-21,8205.0
2182,2017-12-22,7290.0
2183,2017-12-23,9076.0
2184,2017-12-24,13245.0
2185,2017-12-25,10924.0
2186,2017-12-26,9979.0
2187,2017-12-27,8479.0
2188,2017-12-28,10309.0
2189,2017-12-29,10064.0
2190,2017-12-30,11114.0
2191,2017-12-31,16474.0
2192,2018-01-01,10450.0
2193,2018-01-02,5460.0
2194,2018-01-03,6559.0
2195,2018-01-04,6449.0
2196,2018-01-05,6449.0
2197,2018-01-06,6449.0
2198,2018-01-07,5809.0
2199,2018-01-08,4915.0
2200,2018-01-09,4570.0
2201,2018-01-10,4570.0
2202,2018-01-11,5485.0
2203,2018-01-12,6785.0
2204,2018-01-13,8095.0
2205,2018-01-14,7960.0
2206,2018-01-15,6250.0
2207,2018-01-16,5350.0
2208,2018-01-17,5350.0
2209,2018-01-18,5350.0
2210,2018-01-19,7145.0
2211,2018-01-20,7145.0
2212,2018-01-21,6780.0
2213,2018-01-22,6780.0
2214,2018-01-23,4790.0
2215,2018-01-24,4435.0
2216,2018-01-25,4435.0
2217,2018-01-26,4435.0
2218,2018-01-27,5345.0
2219,2018-01-28,6755.0
2220,2018-01-29,7975.0
2221,2018-01-30,6775.0
2222,2018-01-31,6400.0
2223,2018-02-01,6400.0
2224,2018-02-02,7550.0
2225,2018-02-03,7590.0
2226,2018-02-04,8505.0
2227,2018-02-05,7745.0
2228,2018-02-06,7745.0
2229,2018-02-07,6680.0
2230,2018-02-08,7486.0
2231,2018-02-09,7086.0
2232,2018-02-10,6771.0
2233,2018-02-11,6680.0
2234,2018-02-12,7015.0
2235,2018-02-13,7145.0
2236,2018-02-14,7145.0
2237,2018-02-15,7145.0
2238,2018-02-16,7145.0
2239,2018-02-17,11320.0
2240,2018-02-18,10980.0
2241,2018-02-19,13135.0
2242,2018-02-20,13135.0
2243,2018-02-21,11640.0
2244,2018-02-22,11640.0
2245,2018-02-23,11640.0
2246,2018-02-24,10980.0
2247,2018-02-25,11890.0
2248,2018-02-26,12310.0
2249,2018-02-27,13630.0
2250,2018-02-28,15055.0
2251,2018-03-01,10965.0
2252,2018-03-02,11090.0
2253,2018-03-03,13400.0
2254,2018-03-04,11750.0
2255,2018-03-05,12485.0
2256,2018-03-06,12485.0
2257,2018-03-07,12485.0
2258,2018-03-08,12485.0
2259,2018-03-09,12485.0
2260,2018-03-10,14115.0
2261,2018-03-11,13400.0
2262,2018-03-12,13745.0
2263,2018-03-13,12830.0
2264,2018-03-14,12725.0
2265,2018-03-15,14925.0
2266,2018-03-16,16365.0
2267,2018-03-17,19390.0
2268,2018-03-18,16360.0
2269,2018-03-19,15550.0
2270,2018-03-20,15820.0
2271,2018-03-21,15475.0
2272,2018-03-22,15475.0
2273,2018-03-23,16975.0
2274,2018-03-24,20897.0
2275,2018-03-25,18950.0
2276,2018-03-26,17655.0
2277,2018-03-27,17655.0
2278,2018-03-28,18255.0
2279,2018-03-29,18700.0
2280,2018-03-30,17575.0
2281,2018-03-31,18485.0
2282,2018-04-01,17155.0
2283,2018-04-02,17575.0
2284,2018-04-03,16795.0
2285,2018-04-04,16930.0
2286,2018-04-05,16795.0
2287,2018-04-06,18125.0
2288,2018-04-07,21515.0
2289,2018-04-08,21515.0
2290,2018-04-09,19245.0
2291,2018-04-10,19245.0
2292,2018-04-11,20425.0
2293,2018-04-12,19555.0
2294,2018-04-13,18145.0
2295,2018-04-14,19175.0
2296,2018-04-15,18930.0
2297,2018-04-16,18930.0
2298,2018-04-17,19840.0
2299,2018-04-18,19545.0
2300,2018-04-19,19220.0
2301,2018-04-20,19920.0
2302,2018-04-21,20250.0
2303,2018-04-22,19505.0
2304,2018-04-23,17750.0
2305,2018-04-24,17750.0
2306,2018-04-25,17750.0
2307,2018-04-26,17155.0
2308,2018-04-27,16040.0
2309,2018-04-28,21563.0
2310,2018-04-29,21913.0
2311,2018-04-30,21173.0
2312,2018-05-01,19203.0
2313,2018-05-02,18285.0
2314,2018-05-03,18250.0
2315,2018-05-04,16420.0
2316,2018-05-05,25550.0
2317,2018-05-06,24850.0
2318,2018-05-07,23350.0
2319,2018-05-08,23350.0
2320,2018-05-09,23350.0
2321,2018-05-10,23590.0
2322,2018-05-11,22675.0
2323,2018-05-12,23585.0
2324,2018-05-13,24485.0
2325,2018-05-14,19475.0
2326,2018-05-15,19550.0
2327,2018-05-16,19550.0
2328,2018-05-17,20095.0
2329,2018-05-18,21175.0
2330,2018-05-19,25320.0
2331,2018-05-20,29115.0
2332,2018-05-21,25120.0
2333,2018-05-22,22870.0
2334,2018-05-23,21055.0
2335,2018-05-24,21055.0
2336,2018-05-25,20645.0
2337,2018-05-26,30085.0
2338,2018-05-27,27055.0
2339,2018-05-28,22255.0
2340,2018-05-29,21365.0
2341,2018-05-30,21365.0
2342,2018-05-31,20485.0
2343,2018-06-01,21395.0
2344,2018-06-02,24327.0
2345,2018-06-03,23225.0
2346,2018-06-04,24435.0
2347,2018-06-05,24435.0
2348,2018-06-06,23125.0
2349,2018-06-07,25575.0
2350,2018-06-08,25215.0
2351,2018-06-09,25565.0
2352,2018-06-10,24423.0
2353,2018-06-11,24423.0
2354,2018-06-12,24595.0
2355,2018-06-13,24410.0
2356,2018-06-14,24325.0
2357,2018-06-15,23715.0
2358,2018-06-16,27470.0
2359,2018-06-17,23300.0
2360,2018-06-18,21750.0
2361,2018-06-19,21750.0
2362,2018-06-20,22660.0
2363,2018-06-21,21750.0
2364,2018-06-22,21720.0
2365,2018-06-23,29036.0
2366,2018-06-24,25835.0
2367,2018-06-25,23500.0
2368,2018-06-26,23900.0
2369,2018-06-27,24395.0
2370,2018-06-28,24230.0
2371,2018-06-29,25723.0
2372,2018-06-30,28100.0
2373,2018-07-01,28080.0
2374,2018-07-02,25905.0
2375,2018-07-03,24995.0
2376,2018-07-04,22990.0
2377,2018-07-05,22650.0
2378,2018-07-06,21150.0
2379,2018-07-07,31285.0
2380,2018-07-08,31135.0
2381,2018-07-09,24205.0
2382,2018-07-10,23970.0
2383,2018-07-11,25135.0
2384,2018-07-12,24970.0
2385,2018-07-13,27375.0
2386,2018-07-14,24270.0
2387,2018-07-15,22085.0
2388,2018-07-16,19805.0
2389,2018-07-17,19805.0
2390,2018-07-18,18700.0
2391,2018-07-19,18700.0
2392,2018-07-20,19605.0
2393,2018-07-21,26495.0
2394,2018-07-22,25745.0
2395,2018-07-23,24230.0
2396,2018-07-24,21825.0
2397,2018-07-25,19590.0
2398,2018-07-26,20110.0
2399,2018-07-27,22835.0
2400,2018-07-28,22100.0
2401,2018-07-29,23135.0
2402,2018-07-30,25490.0
2403,2018-07-31,21390.0
2404,2018-08-01,20264.0
2405,2018-08-02,25140.0
2406,2018-08-03,23684.0
2407,2018-08-04,24254.0
2408,2018-08-05,26044.0
2409,2018-08-06,25609.0
2410,2018-08-07,24694.0
2411,2018-08-08,22619.0
2412,2018-08-09,22204.0
2413,2018-08-10,23309.0
2414,2018-08-11,27659.0
2415,2018-08-12,26164.0
2416,2018-08-13,27079.0
2417,2018-08-14,24795.0
2418,2018-08-15,25200.0
2419,2018-08-16,26510.0
2420,2018-08-17,26510.0
2421,2018-08-18,28046.0
2422,2018-08-19,29000.0
2423,2018-08-20,27015.0
2424,2018-08-21,27015.0
2425,2018-08-22,27480.0
2426,2018-08-23,27015.0
2427,2018-08-24,28345.0
2428,2018-08-25,34805.0
2429,2018-08-26,33655.0
2430,2018-08-27,30080.0
2431,2018-08-28,28095.0
2432,2018-08-29,27700.0
2433,2018-08-30,26785.0
2434,2018-08-31,27360.0
2435,2018-09-01,33023.0
2436,2018-09-02,26415.0
2437,2018-09-03,23685.0
2438,2018-09-04,21999.0
2439,2018-09-05,19908.0
2440,2018-09-06,19022.0
2441,2018-09-07,18808.0
2442,2018-09-08,21974.0
2443,2018-09-09,22340.0
2444,2018-09-10,22620.0
2445,2018-09-11,20755.0
2446,2018-09-12,19215.0
2447,2018-09-13,18910.0
2448,2018-09-14,20555.0
2449,2018-09-15,24045.0
2450,2018-09-16,23115.0
2451,2018-09-17,22120.0
2452,2018-09-18,23940.0
2453,2018-09-19,24415.0
2454,2018-09-20,23910.0
2455,2018-09-21,22310.0
2456,2018-09-22,30580.0
2457,2018-09-23,28800.0
2458,2018-09-24,23735.0
2459,2018-09-25,21740.0
2460,2018-09-26,21675.0
2461,2018-09-27,26020.0
2462,2018-09-28,23215.0
2463,2018-09-29,29275.0
2464,2018-09-30,27055.0
2465,2018-10-01,24420.0
2466,2018-10-02,22695.0
2467,2018-10-03,23640.0
2468,2018-10-04,23615.0
2469,2018-10-05,23425.0
2470,2018-10-06,27040.0
2471,2018-10-07,23205.0
2472,2018-10-08,23638.0
2473,2018-10-09,24843.0
2474,2018-10-10,23225.0
2475,2018-10-11,24190.0
2476,2018-10-12,24370.0
2477,2018-10-13,26260.0
2478,2018-10-14,26620.0
2479,2018-10-15,22910.0
2480,2018-10-16,22190.0
2481,2018-10-17,22165.0
2482,2018-10-18,19830.0
2483,2018-10-19,22300.0
2484,2018-10-20,21295.0
2485,2018-10-21,20100.0
2486,2018-10-22,19660.0
2487,2018-10-23,19545.0
2488,2018-10-24,20455.0
2489,2018-10-25,21345.0
2490,2018-10-26,21085.0
2491,2018-10-27,24800.0
2492,2018-10-28,20300.0
2493,2018-10-29,20330.0
2494,2018-10-30,20140.0
2495,2018-10-31,20680.0
2496,2018-11-01,20210.0
2497,2018-11-02,20355.0
2498,2018-11-03,22530.0
2499,2018-11-04,21200.0
2500,2018-11-05,19165.0
2501,2018-11-06,19165.0
2502,2018-11-07,19165.0
2503,2018-11-08,18460.0
2504,2018-11-09,19071.0
2505,2018-11-10,20500.0
2506,2018-11-11,20500.0
2507,2018-11-12,20500.0
2508,2018-11-13,21600.0
2509,2018-11-14,20300.0
2510,2018-11-15,19150.0
2511,2018-11-16,19570.0
2512,2018-11-17,21575.0
2513,2018-11-18,19155.0
2514,2018-11-19,19485.0
2515,2018-11-20,19485.0
2516,2018-11-21,19515.0
2517,2018-11-22,18585.0
2518,2018-11-23,19885.0
2519,2018-11-24,18270.0
2520,2018-11-25,17270.0
2521,2018-11-26,15815.0
2522,2018-11-27,15060.0
2523,2018-11-28,16190.0
2524,2018-11-29,15055.0
2525,2018-11-30,12315.0
2526,2018-12-01,17590.0
2527,2018-12-02,15160.0
2528,2018-12-03,11060.0
2529,2018-12-04,11060.0
2530,2018-12-05,11490.0
2531,2018-12-06,11155.0
2532,2018-12-07,10425.0
2533,2018-12-08,14625.0
2534,2018-12-09,11210.0
2535,2018-12-10,8615.0
2536,2018-12-11,8325.0
2537,2018-12-12,8290.0
2538,2018-12-13,9139.0
2539,2018-12-14,9705.0
2540,2018-12-15,8265.0
2541,2018-12-16,7875.0
2542,2018-12-17,7150.0
2543,2018-12-18,7475.0
2544,2018-12-19,8355.0
2545,2018-12-20,8645.0
2546,2018-12-21,7930.0
2547,2018-12-22,11620.0
2548,2018-12-23,12250.0
2549,2018-12-24,9125.0
2550,2018-12-25,9000.0
2551,2018-12-26,8180.0
2552,2018-12-27,6490.0
2553,2018-12-28,6700.0
2554,2018-12-29,6600.0
2555,2018-12-30,6600.0
2556,2018-12-31,6600.0
2557,2019-01-01,6755.0
2558,2019-01-02,6755.0
2559,2019-01-03,6755.0
2560,2019-01-04,6645.0
2561,2019-01-05,7975.0
2562,2019-01-06,7550.0
2563,2019-01-07,6640.0
2564,2019-01-08,7060.0
2565,2019-01-09,6815.0
2566,2019-01-10,7725.0
2567,2019-01-11,8068.0
2568,2019-01-12,9158.0
2569,2019-01-13,10068.0
2570,2019-01-14,11473.0
2571,2019-01-15,9093.0
2572,2019-01-16,9227.0
2573,2019-01-17,8839.0
2574,2019-01-18,9566.0
2575,2019-01-19,12412.0
2576,2019-01-20,9969.0
2577,2019-01-21,9859.0
2578,2019-01-22,8529.0
2579,2019-01-23,8529.0
2580,2019-01-24,7614.0
2581,2019-01-25,9568.0
2582,2019-01-26,7418.0
2583,2019-01-27,8218.0
2584,2019-01-28,8148.0
2585,2019-01-29,8218.0
2586,2019-01-30,7793.0
2587,2019-01-31,7460.0
2588,2019-02-01,6680.0
2589,2019-02-02,6680.0
2590,2019-02-03,7210.0
2591,2019-02-04,7210.0
2592,2019-02-05,8090.0
2593,2019-02-06,7210.0
2594,2019-02-07,7210.0
2595,2019-02-08,7210.0
2596,2019-02-09,8125.0
2597,2019-02-10,7210.0
2598,2019-02-11,7210.0
2599,2019-02-12,7210.0
2600,2019-02-13,7210.0
2601,2019-02-14,8520.0
2602,2019-02-15,9540.0
2603,2019-02-16,11545.0
2604,2019-02-17,11545.0
2605,2019-02-18,8995.0
2606,2019-02-19,9870.0
2607,2019-02-20,10215.0
2608,2019-02-21,9340.0
2609,2019-02-22,9895.0
2610,2019-02-23,11436.0
2611,2019-02-24,10124.0
2612,2019-02-25,10124.0
2613,2019-02-26,10124.0
2614,2019-02-27,10124.0
2615,2019-02-28,11034.0
2616,2019-03-01,12334.0
2617,2019-03-02,13054.0
2618,2019-03-03,17569.0
2619,2019-03-04,13484.0
2620,2019-03-05,13264.0
2621,2019-03-06,12094.0
2622,2019-03-07,12354.0
2623,2019-03-08,12354.0
2624,2019-03-09,16599.0
2625,2019-03-10,16599.0
2626,2019-03-11,14009.0
2627,2019-03-12,13549.0
2628,2019-03-13,12669.0
2629,2019-03-14,12779.0
2630,2019-03-15,16600.0
2631,2019-03-16,21535.0
2632,2019-03-17,21950.0
2633,2019-03-18,18045.0
2634,2019-03-19,16280.0
2635,2019-03-20,16280.0
2636,2019-03-21,17590.0
2637,2019-03-22,16380.0
2638,2019-03-23,17155.0
2639,2019-03-24,14935.0
2640,2019-03-25,13620.0
2641,2019-03-26,13305.0
2642,2019-03-27,14445.0
2643,2019-03-28,14130.0
2644,2019-03-29,15455.0
2645,2019-03-30,15455.0
2646,2019-03-31,18980.0
2647,2019-04-01,19385.0
2648,2019-04-02,18580.0
2649,2019-04-03,19490.0
2650,2019-04-04,18575.0
2651,2019-04-05,18155.0
2652,2019-04-06,19475.0
2653,2019-04-07,17875.0
2654,2019-04-08,16345.0
2655,2019-04-09,15875.0
2656,2019-04-10,16790.0
2657,2019-04-11,18285.0
2658,2019-04-12,19615.0
2659,2019-04-13,20525.0
2660,2019-04-14,20525.0
2661,2019-04-15,19799.0
2662,2019-04-16,19279.0
2663,2019-04-17,19279.0
2664,2019-04-18,16984.0
2665,2019-04-19,16984.0
2666,2019-04-20,22835.0
2667,2019-04-21,23980.0
2668,2019-04-22,26350.0
2669,2019-04-23,20310.0
2670,2019-04-24,17250.0
2671,2019-04-25,17250.0
2672,2019-04-26,18675.0
2673,2019-04-27,21980.0
2674,2019-04-28,22765.0
2675,2019-04-29,20355.0
2676,2019-04-30,21690.0
2677,2019-05-01,20482.0
2678,2019-05-02,20355.0
2679,2019-05-03,20355.0
2680,2019-05-04,23495.0
2681,2019-05-05,22710.0
2682,2019-05-06,22675.0
2683,2019-05-07,23495.0
2684,2019-05-08,23075.0
2685,2019-05-09,23315.0
2686,2019-05-10,22280.0
2687,2019-05-11,23425.0
2688,2019-05-12,26625.0
2689,2019-05-13,22930.0
2690,2019-05-14,21620.0
2691,2019-05-15,18960.0
2692,2019-05-16,18960.0
2693,2019-05-17,18960.0
2694,2019-05-18,21180.0
2695,2019-05-19,20380.0
2696,2019-05-20,19080.0
2697,2019-05-21,19080.0
2698,2019-05-22,19080.0
2699,2019-05-23,19990.0
2700,2019-05-24,19990.0
2701,2019-05-25,25110.0
2702,2019-05-26,24623.0
2703,2019-05-27,21473.0
2704,2019-05-28,19678.0
2705,2019-05-29,19678.0
2706,2019-05-30,22265.0
2707,2019-05-31,20955.0
2708,2019-06-01,25299.0
2709,2019-06-02,28315.0
2710,2019-06-03,22439.0
2711,2019-06-04,22608.0
2712,2019-06-05,21583.0
2713,2019-06-06,21040.0
2714,2019-06-07,28516.0
2715,2019-06-08,31230.0
2716,2019-06-09,29066.0
2717,2019-06-10,24581.0
2718,2019-06-11,23086.0
2719,2019-06-12,21161.0
2720,2019-06-13,20298.0
2721,2019-06-14,21343.0
2722,2019-06-15,21648.0
2723,2019-06-16,21603.0
2724,2019-06-17,20823.0
2725,2019-06-18,21707.0
2726,2019-06-19,21157.0
2727,2019-06-20,23149.0
2728,2019-06-21,21267.0
2729,2019-06-22,21137.0
2730,2019-06-23,21537.0
2731,2019-06-24,19082.0
2732,2019-06-25,18282.0
2733,2019-06-26,22462.0
2734,2019-06-27,19787.0
2735,2019-06-28,18518.0
2736,2019-06-29,20663.0
2737,2019-06-30,25418.0
2738,2019-07-01,22095.0
2739,2019-07-02,22095.0
2740,2019-07-03,22095.0
2741,2019-07-04,22095.0
2742,2019-07-05,21895.0
2743,2019-07-06,24954.0
2744,2019-07-07,24189.0
2745,2019-07-08,22809.0
2746,2019-07-09,23882.0
2747,2019-07-10,22837.0
2748,2019-07-11,22417.0
2749,2019-07-12,22417.0
2750,2019-07-13,24729.0
2751,2019-07-14,24147.0
2752,2019-07-15,24193.0
2753,2019-07-16,24193.0
2754,2019-07-17,24193.0
2755,2019-07-18,24193.0
2756,2019-07-19,25621.0
2757,2019-07-20,25513.0
2758,2019-07-21,25615.0
2759,2019-07-22,24396.0
2760,2019-07-23,27359.0
2761,2019-07-24,27689.0
2762,2019-07-25,29468.0
2763,2019-07-26,33683.0
2764,2019-07-27,30638.0
2765,2019-07-28,27308.0
2766,2019-07-29,25088.0
2767,2019-07-30,25088.0
2768,2019-07-31,27328.0
2769,2019-08-01,26151.0
2770,2019-08-02,25070.0
2771,2019-08-03,27110.0
2772,2019-08-04,26635.0
2773,2019-08-05,26635.0
2774,2019-08-06,25087.0
2775,2019-08-07,27502.0
2776,2019-08-08,27502.0
2777,2019-08-09,27272.0
2778,2019-08-10,34572.0
2779,2019-08-11,35367.0
2780,2019-08-12,29247.0
2781,2019-08-13,28842.0
2782,2019-08-14,30647.0
2783,2019-08-15,32765.0
2784,2019-08-16,32420.0
2785,2019-08-17,32861.0
2786,2019-08-18,30522.0
2787,2019-08-19,29016.0
2788,2019-08-20,27516.0
2789,2019-08-21,27907.0
2790,2019-08-22,27745.0
2791,2019-08-23,27660.0
2792,2019-08-24,28355.0
2793,2019-08-25,28762.0
2794,2019-08-26,26125.0
2795,2019-08-27,25520.0
2796,2019-08-28,24825.0
2797,2019-08-29,26820.0
2798,2019-08-30,26820.0
2799,2019-08-31,26705.0
2800,2019-09-01,25495.0
2801,2019-09-02,24995.0
2802,2019-09-03,21900.0
2803,2019-09-04,20405.0
2804,2019-09-05,18910.0
2805,2019-09-06,20140.0
2806,2019-09-07,20145.0
2807,2019-09-08,18845.0
2808,2019-09-09,18845.0
2809,2019-09-10,17535.0
2810,2019-09-11,17535.0
2811,2019-09-12,17535.0
2812,2019-09-13,17535.0
2813,2019-09-14,20240.0
2814,2019-09-15,20240.0
2815,2019-09-16,20240.0
2816,2019-09-17,19350.0
2817,2019-09-18,19350.0
2818,2019-09-19,18020.0
2819,2019-09-20,18020.0
2820,2019-09-21,20725.0
2821,2019-09-22,20725.0
2822,2019-09-23,20725.0
2823,2019-09-24,20725.0
2824,2019-09-25,20725.0
2825,2019-09-26,20725.0
2826,2019-09-27,20605.0
2827,2019-09-28,21515.0
2828,2019-09-29,20635.0
2829,2019-09-30,20635.0
2830,2019-10-01,20635.0
2831,2019-10-02,20635.0
2832,2019-10-03,20635.0
2833,2019-10-04,19725.0
2834,2019-10-05,23280.0
2835,2019-10-06,23280.0
2836,2019-10-07,23280.0
2837,2019-10-08,23280.0
2838,2019-10-09,21950.0
2839,2019-10-10,21950.0
2840,2019-10-11,21950.0
2841,2019-10-12,23280.0
2842,2019-10-13,23280.0
2843,2019-10-14,23280.0
2844,2019-10-15,23280.0
2845,2019-10-16,21045.0
2846,2019-10-17,21045.0
2847,2019-10-18,19715.0
2848,2019-10-19,19715.0
2849,2019-10-20,19715.0
2850,2019-10-21,19715.0
2851,2019-10-22,18805.0
2852,2019-10-23,16590.0
2853,2019-10-24,16590.0
2854,2019-10-25,16590.0
2855,2019-10-26,17470.0
2856,2019-10-27,17470.0
2857,2019-10-28,16590.0
2858,2019-10-29,16590.0
2859,2019-10-30,15680.0
2860,2019-10-31,15680.0
2861,2019-11-01,15680.0
2862,2019-11-02,15680.0
2863,2019-11-03,15680.0
2864,2019-11-04,14770.0
2865,2019-11-05,14770.0
2866,2019-11-06,14770.0
2867,2019-11-07,14770.0
2868,2019-11-08,13855.0
2869,2019-11-09,13460.0
2870,2019-11-10,13460.0
2871,2019-11-11,12150.0
2872,2019-11-12,12150.0
2873,2019-11-13,11240.0
2874,2019-11-14,9910.0
2875,2019-11-15,9910.0
2876,2019-11-16,9910.0
2877,2019-11-17,9910.0
2878,2019-11-18,9910.0
2879,2019-11-19,9910.0
2880,2019-11-20,8575.0
2881,2019-11-21,8575.0
2882,2019-11-22,8575.0
2883,2019-11-23,8575.0
2884,2019-11-24,8575.0
2885,2019-11-25,8575.0
2886,2019-11-26,8575.0
2887,2019-11-27,8575.0
2888,2019-11-28,6745.0
2889,2019-11-29,6745.0
2890,2019-11-30,8505.0
2891,2019-12-01,7590.0
2892,2019-12-02,7590.0
2893,2019-12-03,7590.0
2894,2019-12-04,6700.0
2895,2019-12-05,6700.0
2896,2019-12-06,6700.0
2897,2019-12-07,6700.0
2898,2019-12-08,6700.0
2899,2019-12-09,5790.0
2900,2019-12-10,5790.0
2901,2019-12-11,4875.0
2902,2019-12-12,4875.0
2903,2019-12-13,4875.0
2904,2019-12-14,4875.0
2905,2019-12-15,3545.0
2906,2019-12-16,3545.0
2907,2019-12-17,2640.0
2908,2019-12-18,2640.0
2909,2019-12-19,2640.0
2910,2019-12-20,2640.0
2911,2019-12-21,2640.0
2912,2019-12-22,2640.0
2913,2019-12-23,2640.0
2914,2019-12-24,2640.0
2915,2019-12-25,2640.0
2916,2019-12-26,2640.0
2917,2019-12-27,2640.0
2918,2019-12-28,2640.0
2919,2019-12-29,2640.0
2920,2019-12-30,2640.0
2921,2019-12-31,2640.0
2922,2020-01-01,2640.0
2923,2020-01-02,2640.0
2924,2020-01-03,2640.0
2925,2020-01-04,2640.0
2926,2020-01-05,2640.0
2927,2020-01-06,2640.0
